ev_id,connection_minutes_5min,required_soc_percent
1,97,19.166
2,36,16.0
3,143,48.0
4,116,20.0
5,125,16.0
6,110,40.0
7,40,15.0
8,112,19.742
9,110,48.0
10,112,75.0
11,128,14.382
12,103,25.084
13,102,12.564
14,49,36.964
15,125,8.846
16,116,12.444
17,76,17.19
18,46,23.61
19,51,24.0
20,47,24.232
21,34,75.0
22,57,22.0
23,14,16.0
24,23,4.496
25,6,5.974
26,28,9.934
27,4,3.558
28,8,8.708
29,31,16.53
30,12,7.904
31,142,48.0
32,111,32.0
33,77,41.81
34,123,40.0
35,125,24.0
36,16,15.47
37,99,48.0
38,20,19.258
39,65,20.0
40,64,14.198
41,124,24.814
42,74,6.202
43,121,15.89
44,126,18.104
45,132,9.252
46,108,41.818
47,103,16.0
48,53,20.0
49,127,9.848
50,129,8.904
51,90,6.176
52,81,32.0
53,38,21.672
54,111,16.068
55,34,29.878
56,97,32.914
57,120,19.274
58,109,11.556
59,113,41.838
60,88,24.84
61,25,13.026
62,73,41.79
63,61,20.642
64,86,33.356
65,37,39.04
66,35,1.572
67,26,24.0
68,8,56.0
69,17,16.122
70,21,19.256
71,15,14.384
72,19,6.53
73,36,27.238
74,25,7.144
75,133,48.0
76,77,6.66
77,102,100.0
78,111,40.0
79,30,15.0
80,109,36.0
81,108,70.0
82,109,24.0
83,57,13.912
84,118,25.0
85,47,25.37
86,90,39.0
87,100,12.0
88,106,20.0
89,122,7.944
90,100,16.0
91,38,2.174
92,27,16.0
93,120,31.074
94,114,16.0
95,140,41.834
96,111,16.0
97,107,26.956
98,72,41.748
99,27,14.284
100,84,41.798
101,99,32.106
102,59,41.738
103,60,11.622
104,118,16.678
105,26,10.966
106,28,7.868
107,104,22.534
108,79,33.3
109,18,18.304
110,59,24.0
111,57,8.732
112,10,3.564
113,41,8.0
114,38,2.41
115,39,33.042
116,30,18.068
117,23,3.802
118,24,24.274
119,21,22.24
120,10,10.948
121,153,16.0
122,76,32.0
123,105,20.0
124,54,23.932
125,26,30.25
126,28,28.484
127,32,16.386
128,7,16.0
129,98,32.0
130,110,100.0
131,107,48.0
132,75,38.118
133,95,40.0
134,123,24.0
135,116,31.632
136,124,37.5
137,41,24.0
138,90,80.0
139,128,13.034
140,131,25.642
141,55,14.414
142,108,29.386
143,104,35.498
144,128,48.0
145,117,24.0
146,89,29.83
147,123,7.548
148,103,28.28
149,114,37.116
150,86,16.0
151,114,29.124
152,75,37.322
153,62,5.624
154,127,36.256
155,103,35.182
156,90,6.66
157,47,5.686
158,108,8.408
159,111,40.27
160,104,37.404
161,46,11.474
162,63,26.94
163,116,9.194
164,117,34.514
165,110,11.38
166,61,24.0
167,39,34.904
168,65,41.824
169,48,41.75
170,115,32.0
171,15,16.0
172,40,41.256
173,24,13.05
174,19,18.918
175,38,16.19
176,15,27.8
177,3,1.734
178,12,16.0
179,689,17.486
180,636,13.068
181,88,24.0
182,39,37.19
183,91,26.112
184,91,38.444
185,102,38.656
186,68,41.764
187,88,17.292
188,118,33.424
189,94,25.866
190,80,40.738
191,86,11.674
192,97,26.504
193,77,40.726
194,108,13.776
195,83,26.972
196,109,30.0
197,112,31.604
198,101,39.96
199,100,27.264
200,126,11.516
201,110,29.41
202,92,24.644
203,108,26.688
204,36,8.408
205,50,6.504
206,107,21.066
207,50,41.772
208,47,11.0
209,19,9.47
210,35,12.884
211,35,30.608
212,8,8.398
213,13,32.0
214,26,14.344
215,18,4.972
216,5,3.882
217,11,3.124
218,22,12.136
219,78,20.0
220,119,24.166
221,115,32.0
222,83,11.316
223,66,18.752
224,43,12.69
225,170,24.0
226,111,18.618
227,100,14.412
228,51,41.79
229,99,24.762
230,88,19.944
231,99,41.784
232,20,10.608
233,88,1.242
234,59,41.752
235,73,8.842
236,60,27.754
237,15,100.0
238,142,27.286
239,76,100.0
240,66,41.75
241,46,16.222
242,27,27.194
243,39,20.0
244,73,25.418
245,61,63.536
246,74,14.318
247,34,21.832
248,36,12.86
249,115,24.334
250,123,20.0
251,117,32.0
252,62,11.128
253,117,29.734
254,109,23.948
255,103,25.294
256,131,32.548
257,55,20.0
258,111,16.488
259,130,13.318
260,130,12.894
261,103,31.164
262,58,12.308
263,75,47.068
264,109,30.0
265,128,7.604
266,112,85.12
267,117,71.316
268,117,23.068
269,157,32.66
270,109,33.3
271,125,13.362
272,123,73.796
273,38,21.322
274,101,16.0
275,108,68.096
276,121,41.77
277,142,25.976
278,83,63.482
279,117,11.0
280,119,30.0
281,104,39.96
282,92,68.916
283,112,55.0
284,109,56.0
285,108,24.036
286,41,13.352
287,32,1.918
288,43,27.282
289,83,48.504
290,107,16.282
291,84,68.312
292,103,22.808
293,80,14.42
294,89,28.954
295,81,72.796
296,52,12.236
297,24,1.384
298,54,13.366
299,84,25.5
300,50,23.814
301,42,22.168
302,38,28.434
303,9,8.246
304,40,20.544
305,23,10.058
306,3,27.8
307,32,17.556
308,19,27.8
309,11,9.894
310,137,15.494
311,116,61.13
312,59,11.206
313,121,26.352
314,91,14.85
315,112,16.784
316,99,32.076
317,123,17.394
318,115,10.99
319,115,38.798
320,106,20.0
321,118,13.864
322,103,32.084
323,135,9.614
324,152,23.47
325,116,20.0
326,110,32.3
327,129,49.894
328,46,29.334
329,116,37.318
330,121,21.218
331,124,30.848
332,117,14.0
333,46,36.402
334,94,13.538
335,100,39.96
336,114,11.12
337,51,24.06
338,111,27.714
339,118,8.272
340,118,30.0
341,106,22.702
342,180,26.266
343,112,24.878
344,118,33.106
345,109,14.112
346,105,8.0
347,69,28.4
348,100,16.434
349,123,14.29
350,80,38.936
351,127,4.992
352,106,20.0
353,89,18.348
354,57,20.938
355,120,12.738
356,89,26.592
357,49,1.52
358,42,43.482
359,39,15.026
360,39,41.28
361,19,19.428
362,26,22.636
363,18,9.708
364,48,34.0
365,69,8.038
366,43,22.148
367,117,13.912
368,129,14.066
369,125,11.82
370,117,21.66
371,119,47.792
372,115,38.942
373,128,18.272
374,101,28.018
375,58,11.174
376,114,57.608
377,138,8.314
378,117,33.598
379,102,24.588
380,131,14.452
381,117,36.864
382,129,50.802
383,104,11.998
384,130,7.632
385,100,16.316
386,110,64.0
387,33,10.0
388,99,24.0
389,126,45.58
390,107,18.36
391,92,32.0
392,80,59.684
393,13,8.0
394,114,37.236
395,104,100.0
396,66,18.956
397,57,17.464
398,105,24.0
399,123,20.848
400,88,19.558
401,61,5.654
402,118,30.0
403,75,59.004
404,115,10.994
405,121,8.862
406,96,23.66
407,120,12.57
408,140,22.598
409,98,57.228
410,106,29.094
411,68,9.378
412,111,9.302
413,106,17.008
414,110,13.694
415,108,32.678
416,85,28.034
417,42,36.998
418,111,12.684
419,114,7.338
420,69,7.684
421,50,32.0
422,66,34.0
423,18,11.406
424,52,11.934
425,18,9.344
426,22,8.188
427,33,48.0
428,31,17.258
429,19,20.132
430,129,11.658
431,117,20.0
432,119,25.974
433,122,22.22
434,113,11.282
435,126,27.64
436,117,14.906
437,67,36.368
438,112,15.45
439,116,35.0
440,107,32.0
441,127,14.254
442,118,6.432
443,103,21.646
444,103,21.74
445,119,20.0
446,110,7.828
447,102,29.294
448,135,12.942
449,124,23.434
450,115,27.986
451,150,40.0
452,49,18.738
453,115,24.0
454,112,11.12
455,128,53.374
456,86,23.88
457,113,34.546
458,108,23.148
459,48,30.0
460,4,2.282
461,99,6.66
462,33,8.746
463,54,13.648
464,148,58.796
465,120,30.0
466,117,20.3
467,107,18.576
468,82,26.64
469,54,9.35
470,108,48.526
471,114,13.76
472,97,16.0
473,117,12.018
474,25,14.168
475,88,17.084
476,82,10.21
477,108,24.62
478,106,22.372
479,104,21.37
480,114,7.01
481,25,1.12
482,71,32.0
483,69,18.98
484,57,6.484
485,68,8.0
486,37,2.522
487,15,14.978
488,56,1.222
489,12,6.74
490,62,26.698
491,25,18.85
492,49,34.0
493,8,7.992
494,30,32.208
495,124,40.0
496,141,6.682
497,62,50.39
498,119,23.492
499,97,22.52
500,91,11.63
501,103,27.748
502,103,30.0
503,102,16.174
504,117,44.872
505,131,13.292
506,105,24.55
507,99,7.38
508,49,23.698
509,76,50.618
510,106,20.0
511,153,15.21
512,65,8.984
513,135,6.3
514,104,59.842
515,112,5.8
516,66,48.0
517,51,44.75
518,124,18.988
519,101,24.0
520,42,11.12
521,63,10.988
522,92,54.306
523,92,23.09
524,89,17.978
525,101,48.49
526,96,45.054
527,34,13.93
528,51,13.444
529,61,55.302
530,21,14.006
531,36,30.0
532,103,20.3
533,105,18.876
534,107,11.016
535,61,11.188
536,73,40.344
537,105,21.046
538,99,17.676
539,21,5.314
540,96,14.914
541,121,7.016
542,88,5.324
543,97,62.912
544,62,32.85
545,59,25.418
546,50,2.436
547,60,49.144
548,70,20.632
549,75,42.5
550,38,29.77
551,51,52.518
552,40,4.696
553,49,4.296
554,52,54.988
555,31,30.402
556,28,40.0
557,36,16.054
558,29,6.608
559,5,4.822
560,19,19.818
561,21,21.884
562,76,40.0
563,15,24.0
564,43,29.928
565,55,57.458
566,20,9.918
567,27,9.048
568,24,24.0
569,117,30.0
570,122,34.848
571,142,16.0
572,122,100.0
573,115,28.426
574,106,40.0
575,105,23.688
576,112,36.0
577,113,20.0
578,132,20.3
579,104,24.0
580,74,34.844
581,103,18.4
582,38,12.562
583,123,45.0
584,119,7.4
585,114,24.0
586,135,10.038
587,115,62.65
588,125,34.2
589,152,14.338
590,17,20.0
591,55,34.838
592,109,100.0
593,100,24.566
594,104,32.0
595,49,27.024
596,96,32.0
597,114,32.0
598,114,16.0
599,117,28.32
600,110,11.3
601,124,23.95
602,114,16.0
603,49,16.0
604,131,11.582
605,90,25.0
606,38,21.068
607,116,18.0
608,102,10.458
609,111,36.0
610,105,34.89
611,104,32.828
612,179,32.0
613,77,24.0
614,71,32.0
615,48,64.0
616,7,16.0
617,37,24.25
618,63,34.718
619,113,56.0
620,29,10.0
621,17,15.956
622,25,13.616
623,39,24.0
624,17,12.69
625,6,3.558
626,118,40.0
627,121,7.686
628,65,24.986
629,120,23.188
630,139,24.0
631,59,11.656
632,8,40.0
633,137,7.0
634,112,36.0
635,115,35.0
636,119,38.248
637,112,28.168
638,124,28.0
639,114,32.0
640,121,32.0
641,111,80.0
642,113,56.0
643,109,19.434
644,107,30.25
645,59,30.988
646,121,100.0
647,131,19.98
648,81,24.0
649,145,12.022
650,107,20.0
651,122,42.0
652,85,32.0
653,109,34.862
654,41,23.392
655,93,32.0
656,113,37.5
657,124,24.0
658,45,23.382
659,108,11.12
660,98,23.328
661,17,24.93
662,84,35.182
663,64,23.952
664,73,22.51
665,72,15.738
666,26,12.438
667,65,22.66
668,64,18.98
669,67,12.606
670,18,25.38
671,79,13.174
672,87,14.7
673,83,34.98
674,111,14.348
675,78,9.448
676,76,6.194
677,17,13.17
678,20,19.722
679,118,16.0
680,55,20.85
681,141,32.0
682,85,42.5
683,60,22.724
684,25,6.636
685,35,44.0
686,27,11.13
687,23,24.0
688,43,50.0
689,17,17.23
690,117,40.0
691,118,38.448
692,106,24.0
693,133,40.0
694,110,11.19
695,119,24.84
696,117,36.0
697,93,35.0
698,121,32.0
699,104,24.19
700,95,31.738
701,114,35.134
702,111,48.0
703,107,24.0
704,117,28.0
705,96,32.0
706,110,97.8
707,84,20.192
708,155,13.754
709,109,26.11
710,123,100.0
711,42,6.66
712,56,12.77
713,113,30.0
714,66,35.272
715,49,35.9
716,52,40.0
717,102,26.624
718,115,37.5
719,43,19.98
720,80,32.0
721,90,16.0
722,160,14.168
723,113,30.25
724,137,11.128
725,108,32.0
726,121,20.0
727,107,34.628
728,98,25.0
729,109,10.334
730,112,100.0
731,114,33.344
732,115,32.0
733,108,24.804
734,32,9.766
735,111,72.0
736,125,33.504
737,98,35.904
738,40,80.0
739,43,60.0
740,99,30.0
741,52,33.3
742,42,100.0
743,72,24.0
744,61,15.302
745,54,42.5
746,36,22.426
747,26,21.448
748,33,32.0
749,25,27.8
750,14,7.598
751,21,16.48
752,12,8.476
753,34,50.0
754,14,14.738
755,117,46.64
756,118,40.0
757,61,34.888
758,102,34.846
759,95,40.0
760,58,11.422
761,113,32.0
762,117,18.566
763,116,34.796
764,110,36.0
765,56,35.0
766,116,22.732
767,135,7.0
768,103,24.0
769,44,17.816
770,121,40.0
771,124,30.0
772,120,26.11
773,121,10.79
774,64,21.78
775,108,24.792
776,134,10.058
777,109,14.394
778,110,24.0
779,123,7.55
780,113,100.0
781,43,32.0
782,114,37.5
783,54,11.12
784,45,34.78
785,114,24.0
786,97,13.26
787,124,12.068
788,115,22.002
789,108,16.0
790,41,25.0
791,44,15.688
792,112,27.302
793,43,18.536
794,109,10.212
795,64,19.98
796,69,24.0
797,44,16.0
798,61,20.768
799,107,25.0
800,100,40.0
801,106,74.002
802,89,34.856
803,117,20.3
804,110,20.0
805,97,78.0
806,118,24.0
807,81,2.644
808,57,2.506
809,69,48.0
810,49,14.676
811,58,24.0
812,46,25.0
813,51,33.368
814,87,42.5
815,47,3.294
816,67,64.0
817,46,100.0
818,46,17.432
819,26,25.28
820,53,12.322
821,11,11.516
822,22,22.048
823,11,13.32
824,23,19.52
825,71,19.98
826,117,40.0
827,111,23.716
828,64,18.102
829,109,35.4
830,33,24.0
831,109,17.732
832,130,15.0
833,104,100.0
834,41,21.0
835,32,32.0
836,71,56.0
837,68,80.0
838,56,7.0
839,45,30.25
840,117,69.96
841,22,16.0
842,40,19.882
843,36,70.0
844,47,32.0
845,70,33.658
846,24,19.98
847,44,18.0
848,18,12.72
849,39,27.994
850,37,8.792
851,39,32.0
852,49,14.0
853,33,24.0
854,48,16.0
855,52,15.0
856,32,19.98
857,2,1.316
858,18,32.0
859,66,40.0
860,62,19.994
861,119,32.0
862,85,31.866
863,32,7.348
864,28,9.768
865,44,12.92
866,16,8.008
867,20,15.0
868,23,22.766
869,29,29.368
870,17,30.25
871,27,25.544
872,2,1.6
873,83,32.0
874,17,18.436
875,48,80.0
876,140,19.98
877,75,34.858
878,157,69.96
879,61,10.886
880,111,40.0
881,106,24.932
882,116,25.0
883,118,37.5
884,2,25.0
885,117,34.866
886,129,7.572
887,115,14.0
888,103,34.834
889,118,80.0
890,51,100.0
891,122,100.0
892,123,24.0
893,118,60.0
894,130,28.32
895,127,10.0
896,114,24.0
897,48,17.76
898,97,20.46
899,104,32.0
900,79,34.838
901,115,90.0
902,140,26.11
903,133,40.0
904,112,40.0
905,103,40.0
906,86,30.0
907,110,100.0
908,122,24.0
909,115,11.12
910,138,20.376
911,109,36.0
912,62,29.522
913,81,56.0
914,124,33.36
915,69,31.982
916,106,62.64
917,108,23.736
918,108,12.396
919,84,76.44
920,108,78.0
921,11,6.22
922,111,56.0
923,98,11.156
924,40,25.0
925,134,34.928
926,24,16.0
927,107,34.78
928,139,32.0
929,38,1.406
930,76,100.0
931,61,3.394
932,41,4.924
933,51,24.0
934,31,31.32
935,27,19.5
936,55,42.5
937,34,15.506
938,14,32.0
939,29,24.0
940,4,1.842
941,23,14.122
942,21,13.84
943,36,9.626
944,14,14.406
945,116,69.96
946,126,19.98
947,49,19.638
948,111,40.0
949,54,11.69
950,116,30.0
951,79,12.0
952,121,20.0
953,114,24.246
954,118,37.5
955,84,48.0
956,127,33.3
957,138,8.85
958,121,24.0
959,109,21.082
960,120,40.0
961,122,26.07
962,150,13.314
963,89,6.988
964,92,10.26
965,58,40.0
966,106,53.28
967,111,28.084
968,51,100.0
969,106,24.0
970,113,32.0
971,110,19.98
972,105,30.25
973,45,26.11
974,117,6.66
975,120,20.0
976,109,24.152
977,90,32.0
978,121,100.0
979,97,36.0
980,89,11.12
981,121,34.81
982,43,47.74
983,52,24.0
984,110,16.0
985,38,26.64
986,113,52.5
987,98,10.916
988,83,20.274
989,120,20.3
990,100,24.0
991,113,20.0
992,147,64.0
993,124,32.424
994,39,21.89
995,65,4.932
996,54,39.96
997,126,32.0
998,30,32.0
999,47,33.084
1000,48,26.104
1001,45,8.566
1002,35,27.284
1003,44,42.5
1004,21,21.114
1005,28,80.0
1006,117,40.0
1007,125,19.98
1008,152,69.96
1009,112,40.0
1010,118,34.44
1011,117,30.0
1012,123,37.5
1013,129,24.57
1014,119,30.0
1015,116,34.84
1016,123,32.0
1017,108,16.336
1018,181,64.0
1019,119,13.474
1020,115,33.3
1021,63,8.504
1022,113,36.0
1023,112,24.0
1024,50,26.11
1025,113,40.0
1026,130,10.102
1027,99,54.56
1028,115,40.0
1029,108,80.0
1030,136,64.0
1031,121,16.0
1032,101,16.0
1033,101,32.0
1034,142,10.88
1035,180,25.944
1036,107,36.0
1037,102,13.362
1038,45,5.54
1039,112,52.5
1040,79,23.892
1041,97,28.32
1042,111,83.52
1043,117,14.214
1044,122,100.0
1045,46,12.486
1046,103,24.0
1047,106,34.778
1048,108,25.782
1049,45,17.306
1050,112,78.0
1051,85,32.0
1052,112,4.82
1053,95,34.808
1054,34,35.0
1055,82,39.96
1056,104,9.132
1057,68,100.0
1058,59,3.246
1059,45,30.0
1060,47,8.422
1061,20,32.0
1062,44,5.21
1063,28,19.49
1064,43,42.5
1065,23,11.0
1066,26,14.638
1067,10,5.3
1068,41,34.778
1069,22,13.32
1070,68,20.0
1071,15,15.62
1072,131,19.98
1073,60,30.0
1074,117,40.0
1075,110,69.96
1076,121,34.932
1077,130,32.0
1078,107,13.302
1079,142,20.3
1080,110,26.826
1081,108,23.496
1082,95,30.0
1083,111,34.446
1084,105,23.064
1085,133,24.534
1086,106,100.0
1087,57,48.0
1088,73,19.322
1089,112,34.818
1090,107,33.3
1091,62,20.712
1092,111,50.0
1093,117,43.2
1094,117,10.15
1095,138,80.0
1096,125,17.026
1097,115,32.0
1098,121,16.0
1099,54,26.11
1100,102,36.0
1101,112,40.0
1102,96,40.92
1103,172,64.0
1104,69,34.848
1105,112,40.0
1106,61,10.972
1107,114,52.5
1108,100,100.0
1109,111,19.98
1110,104,30.25
1111,115,6.154
1112,62,5.47
1113,112,24.0
1114,46,50.0
1115,99,10.238
1116,111,34.786
1117,116,9.802
1118,105,33.3
1119,44,12.0
1120,109,5.25
1121,39,16.832
1122,114,78.0
1123,57,34.858
1124,54,14.2
1125,53,2.622
1126,63,25.026
1127,60,41.83
1128,38,12.466
1129,36,3.238
1130,44,24.752
1131,36,9.374
1132,38,17.21
1133,14,1.956
1134,31,16.952
1135,51,42.5
1136,25,32.0
1137,28,6.002
1138,22,21.186
1139,57,31.638
1140,24,14.144
1141,6,32.0
1142,11,12.076
1143,65,20.0
1144,162,80.0
1145,62,30.0
1146,122,20.3
1147,124,40.0
1148,57,34.894
1149,108,34.93
1150,109,24.162
1151,107,10.746
1152,123,32.0
1153,159,11.546
1154,116,37.5
1155,71,14.0
1156,60,12.532
1157,122,40.0
1158,138,13.31
1159,128,24.562
1160,87,77.8
1161,98,60.0
1162,105,47.34
1163,52,48.0
1164,108,19.422
1165,129,60.0
1166,97,34.804
1167,130,10.0
1168,94,45.0
1169,53,40.92
1170,138,100.0
1171,117,37.3
1172,125,78.0
1173,99,16.0
1174,46,72.0
1175,112,19.98
1176,129,100.0
1177,103,60.0
1178,127,8.668
1179,11,4.094
1180,48,24.894
1181,108,40.0
1182,96,33.3
1183,101,5.272
1184,111,27.286
1185,106,16.848
1186,117,24.0
1187,67,34.812
1188,104,34.8
1189,89,50.0
1190,115,48.0
1191,100,62.92
1192,95,1.504
1193,112,32.758
1194,73,33.3
1195,132,24.0
1196,49,30.352
1197,12,32.0
1198,47,28.168
1199,29,16.974
1200,35,13.64
1201,14,12.96
1202,43,32.0
1203,21,25.28
1204,26,14.0
1205,19,11.642
1206,20,20.636
1207,15,6.074
1208,53,42.5
1209,20,19.956
1210,2,1.528
1211,17,18.022
1212,76,20.0
1213,12,6.062
1214,64,40.0
1215,39,85.68
1216,48,22.576
1217,9,8.92
1218,37,34.778
1219,16,26.64
1220,72,34.744
1221,109,69.96
1222,65,40.0
1223,133,13.32
1224,77,34.586
1225,118,32.0
1226,134,24.13
1227,93,34.806
1228,119,40.0
1229,69,11.37
1230,111,23.37
1231,124,37.5
1232,112,37.56
1233,128,20.3
1234,88,24.0
1235,119,100.0
1236,134,57.12
1237,110,36.0
1238,67,48.0
1239,108,23.856
1240,42,56.0
1241,113,48.314
1242,62,26.88
1243,50,17.548
1244,126,90.0
1245,117,13.616
1246,124,23.388
1247,121,24.0
1248,123,47.34
1249,106,60.0
1250,98,90.0
1251,113,36.0
1252,107,20.46
1253,123,10.018
1254,126,33.3
1255,67,50.0
1256,127,34.21
1257,84,95.0
1258,110,22.38
1259,129,11.794
1260,117,36.0
1261,115,100.0
1262,106,32.0
1263,86,48.0
1264,155,64.0
1265,93,8.21
1266,120,40.0
1267,124,30.25
1268,140,48.0
1269,105,95.0
1270,112,40.0
1271,111,5.732
1272,86,20.0
1273,73,18.0
1274,71,24.0
1275,75,34.792
1276,63,25.182
1277,54,34.782
1278,59,14.188
1279,39,25.0
1280,58,50.0
1281,22,8.476
1282,40,8.956
1283,28,27.202
1284,26,13.92
1285,27,20.416
1286,24,15.638
1287,37,17.788
1288,18,54.6
1289,8,5.224
1290,16,30.0
1291,34,30.4
1292,11,9.82
1293,65,20.0
1294,96,40.0
1295,135,13.32
1296,117,40.0
1297,128,34.838
1298,70,16.0
1299,123,32.0
1300,107,23.674
1301,104,48.0
1302,110,40.0
1303,54,11.162
1304,135,7.0
1305,116,37.56
1306,95,37.5
1307,111,36.0
1308,133,21.31
1309,108,34.816
1310,59,48.0
1311,121,24.506
1312,104,21.454
1313,115,24.0
1314,119,34.866
1315,116,26.64
1316,153,100.0
1317,124,24.0
1318,111,10.0
1319,110,47.34
1320,62,34.762
1321,136,30.25
1322,110,36.0
1323,115,40.0
1324,93,32.0
1325,86,57.12
1326,135,64.0
1327,120,32.0
1328,122,24.0
1329,110,5.55
1330,113,67.5
1331,118,20.3
1332,91,19.98
1333,90,6.66
1334,119,34.798
1335,116,33.3
1336,52,16.0
1337,111,40.0
1338,112,16.0
1339,111,18.0
1340,117,32.0
1341,58,40.92
1342,178,34.99
1343,113,34.804
1344,112,17.982
1345,63,34.798
1346,63,40.0
1347,53,29.84
1348,81,81.0
1349,42,28.924
1350,71,16.0
1351,59,18.684
1352,34,25.28
1353,65,20.0
1354,14,7.384
1355,15,15.04
1356,52,30.4
1357,28,100.0
1358,48,4.676
1359,22,16.426
1360,35,11.404
1361,46,25.012
1362,7,3.596
1363,50,20.0
1364,104,40.0
1365,129,13.32
1366,160,48.0
1367,128,36.0
1368,96,40.0
1369,121,32.0
1370,111,29.384
1371,113,40.0
1372,111,23.97
1373,58,10.662
1374,112,34.82
1375,115,37.56
1376,112,36.0
1377,126,24.0
1378,125,48.0
1379,125,24.446
1380,103,18.47
1381,6,4.988
1382,93,65.0
1383,113,100.0
1384,110,25.152
1385,97,26.64
1386,143,13.888
1387,125,10.0
1388,69,5.576
1389,109,47.34
1390,107,54.56
1391,116,56.0
1392,100,32.0
1393,111,29.84
1394,116,24.0
1395,113,34.884
1396,124,7.0
1397,115,60.0
1398,116,32.0
1399,79,30.436
1400,106,40.0
1401,110,48.0
1402,133,48.0
1403,96,33.3
1404,120,17.692
1405,141,11.258
1406,112,38.92
1407,36,16.0
1408,126,100.0
1409,43,21.158
1410,99,84.0
1411,94,40.0
1412,106,34.26
1413,26,16.0
1414,107,100.0
1415,76,25.0
1416,60,26.64
1417,46,40.0
1418,93,16.0
1419,37,70.0
1420,41,2.0
1421,10,9.452
1422,77,30.4
1423,32,40.0
1424,33,70.98
1425,53,9.756
1426,48,22.186
1427,30,32.0
1428,17,9.674
1429,20,15.726
1430,20,100.0
1431,26,14.068
1432,69,20.0
1433,26,7.49
1434,110,24.268
1435,131,13.32
1436,117,40.0
1437,109,26.134
1438,116,40.0
1439,57,10.848
1440,80,26.032
1441,101,7.0
1442,56,37.56
1443,117,32.0
1444,105,57.12
1445,112,36.0
1446,128,30.228
1447,120,24.0
1448,134,33.3
1449,128,33.0
1450,112,36.0
1451,138,100.0
1452,115,48.0
1453,114,13.662
1454,86,15.0
1455,68,40.0
1456,110,10.184
1457,118,45.0
1458,7,100.0
1459,120,100.0
1460,104,12.812
1461,96,28.32
1462,97,11.12
1463,107,30.25
1464,108,47.34
1465,97,19.98
1466,51,20.27
1467,118,32.0
1468,51,80.0
1469,98,40.92
1470,76,40.0
1471,119,8.086
1472,41,48.0
1473,39,20.0
1474,114,30.0
1475,106,100.0
1476,44,53.28
1477,107,16.0
1478,98,60.0
1479,79,20.0
1480,85,24.0
1481,112,45.0
1482,118,30.0
1483,32,60.0
1484,49,16.0
1485,113,16.0
1486,67,24.0
1487,66,70.0
1488,34,2.022
1489,75,19.096
1490,66,40.0
1491,57,39.96
1492,43,6.848
1493,50,40.0
1494,40,7.96
1495,42,100.0
1496,41,25.84
1497,34,24.0
1498,5,5.2
1499,16,15.88
1500,16,14.606
1501,64,16.0
1502,25,18.0
1503,2,1.176
1504,69,20.0
1505,147,11.148
1506,60,13.32
1507,109,23.376
1508,119,40.0
1509,122,27.464
1510,122,23.088
1511,104,17.454
1512,140,10.0
1513,97,32.0
1514,64,96.0
1515,98,80.0
1516,112,15.426
1517,17,14.346
1518,80,11.044
1519,61,11.652
1520,41,40.0
1521,52,15.796
1522,17,9.266
1523,77,34.766
1524,70,30.25
1525,18,19.98
1526,56,34.77
1527,60,48.0
1528,31,19.916
1529,29,19.98
1530,24,24.036
1531,7,7.642
1532,30,17.76
1533,107,42.5
1534,31,30.25
1535,15,17.76
1536,45,70.0
1537,42,25.562
1538,42,9.82
1539,39,31.994
1540,24,80.0
1541,132,13.32
1542,117,40.0
1543,163,48.0
1544,76,24.866
1545,103,36.618
1546,55,11.026
1547,122,37.5
1548,114,37.56
1549,109,36.0
1550,88,16.5
1551,131,20.3
1552,122,24.0
1553,101,35.7
1554,127,24.102
1555,109,24.0
1556,121,56.0
1557,153,100.0
1558,109,24.466
1559,122,100.0
1560,111,7.85
1561,118,13.288
1562,111,96.0
1563,118,25.0
1564,107,10.32
1565,121,47.34
1566,110,13.292
1567,119,20.0
1568,117,40.696
1569,125,22.978
1570,51,35.176
1571,30,16.02
1572,140,12.534
1573,159,32.0
1574,115,100.0
1575,116,48.0
1576,115,40.0
1577,69,23.206
1578,128,30.25
1579,110,20.0
1580,51,20.46
1581,91,42.0
1582,118,100.0
1583,99,33.3
1584,104,33.3
1585,38,16.254
1586,136,100.0
1587,120,16.0
1588,106,16.0
1589,115,20.0
1590,132,34.884
1591,106,33.858
1592,104,9.744
1593,71,29.84
1594,73,40.0
1595,62,60.0
1596,63,25.142
1597,62,25.026
1598,51,36.4
1599,45,40.0
1600,58,42.84
1601,83,42.5
1602,36,12.92
1603,30,8.752
1604,89,20.0
1605,14,14.154
1606,82,40.0
1607,145,13.32
1608,118,40.0
1609,114,32.0
1610,120,57.12
1611,103,24.278
1612,118,21.216
1613,116,32.806
1614,139,11.548
1615,60,11.592
1616,69,14.27
1617,133,22.024
1618,111,34.86
1619,110,36.0
1620,35,16.0
1621,53,80.0
1622,121,24.0
1623,110,12.788
1624,101,25.49
1625,118,32.0
1626,94,32.0
1627,116,100.0
1628,112,36.0
1629,98,48.0
1630,116,34.814
1631,42,29.646
1632,60,34.792
1633,113,10.0
1634,123,30.25
1635,113,40.0
1636,83,19.98
1637,126,14.0
1638,119,40.0
1639,89,24.0
1640,129,20.0
1641,116,6.66
1642,86,47.74
1643,113,24.232
1644,102,35.0
1645,119,20.266
1646,132,16.884
1647,122,24.0
1648,46,60.0
1649,106,24.0
1650,101,19.98
1651,111,25.0
1652,107,8.66
1653,122,33.3
1654,114,27.856
1655,71,33.3
1656,41,39.96
1657,125,24.0
1658,75,37.5
1659,52,22.38
1660,65,14.56
1661,53,40.0
1662,48,6.594
1663,38,21.942
1664,21,6.048
1665,40,56.88
1666,81,16.0
1667,40,17.4
1668,54,42.84
1669,40,100.0
1670,27,16.0
1671,60,42.5
1672,51,13.074
1673,19,16.382
1674,34,12.92
1675,15,13.492
1676,10,5.272
1677,20,32.0
1678,102,12.016
1679,135,13.32
1680,118,40.0
1681,69,22.092
1682,119,32.0
1683,58,11.246
1684,126,24.366
1685,110,34.976
1686,109,36.0
1687,119,36.0
1688,125,37.5
1689,85,40.0
1690,71,48.0
1691,67,34.824
1692,125,14.0
1693,114,15.696
1694,103,19.556
1695,118,100.0
1696,120,65.0
1697,112,95.0
1698,126,7.082
1699,119,24.0
1700,143,48.0
1701,120,10.296
1702,124,22.0
1703,124,29.84
1704,116,34.862
1705,112,40.0
1706,103,32.0
1707,121,30.25
1708,95,47.74
1709,44,40.0
1710,36,40.0
1711,50,31.378
1712,61,15.89
1713,119,34.26
1714,123,35.03
1715,139,20.0
1716,110,24.0
1717,115,17.4
1718,105,22.604
1719,123,24.0
1720,101,25.0
1721,110,32.0
1722,105,18.564
1723,110,100.0
1724,88,24.0
1725,108,24.526
1726,107,42.5
1727,88,16.0
1728,14,13.398
1729,28,1.826
1730,74,40.0
1731,52,18.0
1732,49,2.728
1733,53,27.434
1734,341,34.844
1735,70,90.0
1736,36,24.792
1737,32,19.98
1738,117,20.0
1739,19,56.88
1740,54,30.4
1741,21,12.92
1742,20,32.0
1743,23,9.31
1744,16,40.0
1745,29,24.0
1746,130,13.32
1747,117,40.0
1748,116,32.0
1749,60,34.796
1750,97,12.2775
1751,113,36.0
1752,110,35.22
1753,115,37.5
1754,117,75.0
1755,120,35.45
1756,124,24.0
1757,112,25.0
1758,116,3.536
1759,68,72.0
1760,102,20.942
1761,121,13.204
1762,123,10.058
1763,123,18.0
1764,116,13.366
1765,89,40.0
1766,152,11.692
1767,133,38.01
1768,115,56.866
1769,106,15.604
1770,118,40.0
1771,122,40.0
1772,108,23.884
1773,27,17.298
1774,49,32.4256
1775,111,19.98
1776,104,6.118
1777,95,43.5813
1778,123,32.3
1779,114,75.0
1780,115,23.506
1781,107,26.64
1782,115,90.0
1783,128,32.0
1784,113,24.016
1785,116,20.0
1786,135,16.0
1787,85,22.84
1788,117,23.444
1789,84,16.0
1790,107,37.31
1791,107,100.0
1792,75,45.9889
1793,98,22.23
1794,113,22.808
1795,49,10.888
1796,59,11.41
1797,14,40.0
1798,72,24.612
1799,54,40.0
1800,54,8.36
1801,49,40.0
1802,31,15.0
1803,35,32.0
1804,60,30.4
1805,32,81.9
1806,33,19.98
1807,25,32.0
1808,66,20.0
1809,22,40.0
1810,130,13.32
1811,123,40.0
1812,142,45.0128
1813,63,18.94
1814,63,57.12
1815,56,11.368
1816,116,24.0
1817,60,36.0
1818,91,40.0
1819,136,24.8058
1820,43,8.238
1821,119,55.0
1822,111,24.0
1823,60,56.0
1824,96,37.9609
1825,57,5.5
1826,102,36.0
1827,128,18.0
1828,112,25.6757
1829,104,7.54
1830,110,15.9094
1831,101,40.8923
1832,124,24.0
1833,131,43.8959
1834,52,24.0
1835,103,67.5
1836,121,32.4562
1837,110,48.0
1838,110,22.38
1839,110,27.3425
1840,103,8.1069
1841,101,40.0
1842,108,20.0
1843,130,20.0
1844,103,33.36
1845,91,87.783
1846,62,28.4425
1847,108,100.0
1848,141,25.904
1849,90,20.0
1850,47,40.92
1851,123,17.4
1852,95,60.0
1853,90,33.3
1854,92,40.0
1855,123,25.0628
1856,111,24.6934
1857,107,80.0
1858,31,100.0
1859,38,20.196
1860,86,24.0
1861,102,40.0
1862,112,48.0
1863,39,2.5978
1864,78,42.7573
1865,24,5.008
1866,29,36.0
1867,52,48.0
1868,59,19.98
1869,25,17.732
1870,52,32.3
1871,49,20.4076
1872,24,15.595
1873,43,36.8212
1874,35,12.23
1875,46,42.5
1876,17,6.676
1877,16,2.124
1878,11,20.0
1879,56,20.0
1880,76,40.0
1881,130,28.414
1882,50,12.436
1883,33,8.934
1884,38,32.0
1885,17,12.448
1886,26,10.0
1887,9,4.486
1888,126,13.32
1889,116,48.0
1890,87,23.482
1891,119,100.0
1892,103,40.0
1893,116,40.0
1894,132,32.0
1895,115,24.15
1896,80,31.156
1897,118,32.0
1898,58,11.42
1899,115,43.82
1900,117,37.5
1901,130,24.0
1902,143,35.7
1903,111,36.0
1904,136,30.0
1905,112,30.98
1906,117,47.34
1907,137,12.97
1908,127,24.0
1909,112,35.272
1910,110,100.0
1911,103,18.556
1912,122,80.0
1913,112,29.742
1914,56,21.038
1915,109,28.32
1916,111,36.0
1917,48,100.0
1918,95,33.3
1919,120,33.0
1920,49,13.922
1921,127,30.25
1922,120,40.0
1923,117,40.0
1924,14,4.456
1925,120,24.0
1926,705,9.634
1927,111,100.0
1928,47,34.932
1929,111,100.0
1930,101,32.0
1931,115,78.0
1932,119,10.0
1933,113,40.0
1934,88,80.0
1935,81,20.0
1936,127,17.4
1937,115,90.0
1938,50,32.0
1939,120,12.32
1940,102,11.12
1941,18,40.0
1942,62,80.0
1943,56,29.018
1944,61,28.214
1945,30,29.884
1946,58,33.3
1947,34,32.71
1948,52,18.912
1949,30,20.424
1950,22,12.838
1951,25,40.0
1952,14,12.92
1953,23,16.758
1954,20,14.04
1955,22,60.0
1956,35,30.4
1957,34,20.0
1958,18,20.0
1959,110,48.0
1960,113,13.32
1961,118,40.0
1962,99,40.0
1963,115,18.794
1964,34,24.0
1965,136,35.7
1966,123,23.512
1967,120,32.0
1968,116,37.56
1969,109,37.5
1970,114,31.17
1971,110,36.0
1972,121,32.0
1973,119,100.0
1974,122,24.0
1975,121,11.828
1976,138,13.32
1977,124,100.0
1978,113,33.3
1979,120,24.0
1980,124,30.0
1981,102,20.446
1982,111,35.0
1983,149,12.674
1984,116,25.568
1985,59,82.16
1986,111,47.34
1987,114,40.0
1988,126,33.0
1989,122,10.0
1990,71,29.84
1991,9,4.43
1992,116,40.0
1993,66,34.882
1994,117,38.92
1995,120,40.0
1996,91,32.0
1997,113,67.5
1998,116,32.0
1999,120,30.25
2000,118,16.0
2001,121,27.676
2002,117,100.0
2003,110,11.12
2004,118,11.764
2005,116,48.0
2006,93,47.74
2007,51,7.18
2008,112,14.416
2009,96,13.576
2010,97,13.32
2011,28,24.0
2012,55,43.68
2013,36,24.0
2014,48,29.582
2015,28,80.0
2016,24,82.16
2017,115,20.0
2018,24,19.98
2019,45,32.3
2020,14,48.0
2021,92,7.618
2022,22,20.338
2023,24,12.876
2024,45,42.5
2025,2,37.38
2026,92,9.436
2027,133,42.636
2028,140,13.32
2029,100,40.0
2030,117,40.0
2031,76,34.824
2032,131,25.6261
2033,114,100.0
2034,133,32.0
2035,111,32.0
2036,122,40.0
2037,107,24.24
2038,57,37.56
2039,55,10.526
2040,112,37.5
2041,112,38.4386
2042,111,36.0
2043,90,28.32
2044,111,13.32
2045,138,24.0
2046,130,47.34
2047,128,30.0
2048,148,48.0
2049,37,48.0
2050,120,100.0
2051,104,20.8069
2052,115,25.0
2053,53,13.908
2054,62,80.0
2055,122,56.0
2056,120,33.0
2057,121,7.884
2058,115,30.144
2059,80,75.0
2060,75,24.0
2061,120,33.3
2062,129,15.2856
2063,108,96.0
2064,106,100.0
2065,136,35.902
2066,67,24.0
2067,116,21.3918
2068,124,80.0
2069,49,12.76
2070,113,11.12
2071,118,31.4898
2072,121,40.0
2073,109,57.1
2074,79,32.0
2075,116,100.0
2076,126,32.0
2077,70,40.0
2078,42,1.656
2079,38,75.0
2080,44,38.3478
2081,53,25.1927
2082,47,5.606
2083,36,6.874
2084,46,21.526
2085,36,82.16
2086,39,19.98
2087,37,15.626
2088,16,24.0
2089,54,42.5
2090,21,14.4337
2091,26,11.8
2092,3,25.0
2093,19,28.6
2094,77,20.0
2095,23,5.962
2096,11,48.0
2097,6,33.6
2098,150,24.0
2099,110,48.0
2100,157,80.0
2101,94,40.0
2102,125,13.32
2103,117,40.0
2104,65,25.022
2105,127,32.0
2106,114,60.0
2107,110,25.39
2108,113,16.69
2109,126,100.0
2110,112,11.096
2111,104,40.0
2112,97,28.56
2113,133,37.56
2114,113,36.0
2115,122,24.0
2116,123,37.5
2117,138,23.522
2118,61,56.0
2119,136,33.0
2120,128,30.0
2121,48,20.686
2122,157,100.0
2123,126,56.0
2124,109,25.0
2125,123,50.0
2126,50,21.496
2127,116,25.0
2128,53,100.0
2129,124,8.014
2130,126,7.978
2131,106,62.4
2132,115,36.0
2133,127,25.0
2134,125,13.32
2135,49,16.374
2136,107,13.32
2137,45,61.38
2138,92,64.0
2139,43,19.26
2140,45,2.584
2141,110,34.836
2142,117,40.0
2143,124,11.272
2144,114,40.0
2145,134,34.822
2146,127,27.128
2147,54,30.0
2148,112,32.0
2149,46,48.0
2150,76,100.0
2151,63,40.0
2152,71,75.0
2153,46,9.428
2154,86,24.0
2155,65,32.3
2156,92,16.0
2157,46,19.98
2158,36,22.224
2159,41,27.28
2160,30,13.982
2161,49,82.16
2162,4,19.98
2163,6,75.0
2164,26,24.0
2165,24,13.194
2166,42,70.0
2167,18,11.12
2168,30,15.0
2169,70,20.0
2170,52,30.0
2171,103,40.0
2172,68,13.32
2173,118,40.0
2174,48,9.45
2175,56,11.182
2176,106,24.088
2177,137,15.794
2178,48,20.222
2179,110,21.292
2180,41,10.0
2181,105,32.0
2182,35,13.32
2183,14,6.152
2184,100,80.0
2185,131,32.0
2186,25,6.028
2187,52,31.272
2188,81,32.642
2189,103,52.0
2190,91,10.014
2191,32,15.6
2192,92,34.826
2193,73,34.808
2194,70,16.0
2195,63,4.6
2196,54,13.32
2197,43,6.034
2198,31,25.0
2199,13,11.738
2200,46,4.158
2201,90,25.0
2202,79,34.74
2203,39,7.992
2204,31,15.432
2205,3,1.406
2206,23,39.96
2207,24,24.944
2208,59,90.0
2209,60,26.476
2210,63,42.5
2211,24,100.0
2212,34,31.524
2213,54,11.25
2214,21,49.98
2215,65,7.552
2216,70,34.744
2217,20,20.97
2218,58,34.778
2219,38,22.802
2220,106,40.0
2221,134,14.0
2222,117,40.0
2223,114,34.104
2224,74,34.792
2225,71,24.0
2226,106,23.288
2227,114,40.0
2228,11,24.0
2229,110,36.0
2230,122,37.56
2231,118,37.5
2232,109,32.0
2233,57,12.606
2234,133,100.0
2235,114,72.0
2236,113,19.98
2237,50,12.7042
2238,14,6.506
2239,111,24.0
2240,115,100.0
2241,115,44.0
2242,111,100.0
2243,66,32.528
2244,112,36.0
2245,116,8.102
2246,115,34.784
2247,66,30.042
2248,118,24.0
2249,99,34.824
2250,121,20.0
2251,119,80.0
2252,113,80.0
2253,104,28.32
2254,117,16.0
2255,117,40.0
2256,128,34.798
2257,113,10.0
2258,115,100.0
2259,52,24.0
2260,128,30.25
2261,102,32.0
2262,74,24.0
2263,102,13.64
2264,125,34.81
2265,123,20.0
2266,138,80.0
2267,114,90.0
2268,123,33.3
2269,111,22.5
2270,107,19.8
2271,92,100.0
2272,123,42.5
2273,64,35.04
2274,94,97.86
2275,40,28.476
2276,56,47.34
2277,30,16.0
2278,33,27.708
2279,43,24.0
2280,12,6.046
2281,60,6.498
2282,63,42.84
2283,25,33.3
2284,22,32.0
2285,25,12.92
2286,20,9.828
2287,14,4.768
2288,47,20.0
2289,66,30.0
2290,19,20.0
2291,113,48.0
2292,138,14.0
2293,117,40.0
2294,147,100.0
2295,108,40.0
2296,108,2.048
2297,68,1.7872
2298,115,37.56
2299,65,32.0
2300,13,1.846
2301,122,1.794
2302,59,37.5
2303,113,48.0
2304,122,32.0
2305,132,13.32
2306,126,1.792
2307,122,30.0
2308,103,1.828
2309,116,22.0
2310,26,40.0
2311,115,1.664
2312,127,33.3
2313,109,47.34
2314,126,2.092
2315,159,32.0
2316,113,9.172
2317,126,40.0
2318,108,20.0
2319,105,10.0
2320,96,36.0
2321,123,40.0
2322,112,32.0
2323,116,11.12
2324,11,1.6032
2325,92,80.0
2326,87,32.0
2327,110,24.0
2328,140,2.202
2329,44,47.74
2330,115,60.0
2331,122,93.2
2332,30,1.672
2333,114,100.0
2334,98,2.124
2335,15,1.63
2336,90,100.0
2337,122,16.0
2338,99,24.0
2339,55,26.11
2340,116,20.0
2341,12,1.48
2342,30,1.95
2343,57,100.0
2344,18,1.7591
2345,7,1.454
2346,120,42.5
2347,100,30.25
2348,64,1.63
2349,103,72.0
2350,75,70.0
2351,44,33.3
2352,42,8.0
2353,59,26.64
2354,30,13.64
2355,44,7.5
2356,55,2.128
2357,38,16.0
2358,29,1.624
2359,16,24.0
2360,38,14.946
2361,18,1.468
2362,13,1.786
2363,72,20.0
2364,12,16.0
2365,14,24.0
2366,102,40.0
2367,131,14.0
2368,118,40.0
2369,7,1.478
2370,110,100.0
2371,129,24.0
2372,107,40.0
2373,123,80.0
2374,96,1.612
2375,110,36.0
2376,115,37.56
2377,110,37.5
2378,117,91.0
2379,32,1.482
2380,137,32.0
2381,118,47.34
2382,124,32.0
2383,109,48.0
2384,87,49.79
2385,125,30.0
2386,111,22.0
2387,104,24.0
2388,113,49.98
2389,44,2.162
2390,119,2.208
2391,118,29.84
2392,112,2.58
2393,119,1.664
2394,125,100.0
2395,124,10.102
2396,133,40.0
2397,112,80.0
2398,98,62.16
2399,107,51.8
2400,114,32.0
2401,121,90.0
2402,101,40.92
2403,98,25.0
2404,118,30.25
2405,58,24.0
2406,118,30.4
2407,105,72.0
2408,115,60.0
2409,113,11.12
2410,115,30.0
2411,116,13.32
2412,51,57.1
2413,118,2.576
2414,114,2.254
2415,95,80.0
2416,121,16.0
2417,47,1.666
2418,48,1.52
2419,54,40.0
2420,51,35.04
2421,31,35.0
2422,30,1.498
2423,35,20.0
2424,22,19.98
2425,23,7.5
2426,20,33.36
2427,11,8.88
2428,22,24.0
2429,16,24.0
2430,66,20.0
2431,17,1.424
2432,125,48.0
2433,150,78.0
2434,101,40.0
2435,118,40.0
2436,134,14.0
2437,20,24.0
2438,11,1.47
2439,110,40.0
2440,67,1.634
2441,114,37.56
2442,117,37.5
2443,110,48.0
2444,13,1.714
2445,120,100.0
2446,121,1.756
2447,125,30.0
2448,109,1.682
2449,105,100.0
2450,112,28.56
2451,111,38.5
2452,115,60.0
2453,131,33.3
2454,115,36.0
2455,119,40.094
2456,121,1.768
2457,114,40.0
2458,41,80.0
2459,98,39.96
2460,125,24.0
2461,116,24.0
2462,119,22.0
2463,111,24.0
2464,116,10.0
2465,39,26.64
2466,114,47.34
2467,128,13.32
2468,49,32.0
2469,83,15.036
2470,66,29.84
2471,125,32.0
2472,105,40.92
2473,77,40.0
2474,113,18.0
2475,89,11.12
2476,48,2.01
2477,108,8.0
2478,89,24.0
2479,114,1.864
2480,106,80.0
2481,118,20.0
2482,112,30.0
2483,107,1.692
2484,111,45.0
2485,83,16.0
2486,81,100.0
2487,47,1.594
2488,59,32.0
2489,52,1.502
2490,35,1.812
2491,67,16.0
2492,34,33.3
2493,33,1.818
2494,35,32.0
2495,38,1.548
2496,31,100.0
2497,41,42.5
2498,92,20.0
2499,106,14.0
2500,99,40.0
2501,122,40.0
2502,107,48.0
2503,104,100.0
2504,144,19.98
2505,98,40.0
2506,108,32.0
2507,109,55.0
2508,132,71.5
2509,122,24.0
2510,110,24.0
2511,99,26.64
2512,172,37.5
2513,96,36.0
2514,51,1.598
2515,65,6.66
2516,117,30.0
2517,86,16.0
2518,44,1.456
2519,109,47.34
2520,60,22.0
2521,100,8.0
2522,100,100.0
2523,106,24.0
2524,91,100.0
2525,93,35.0
2526,122,40.0
2527,104,21.44
2528,46,12.0
2529,93,80.0
2530,74,20.0
2531,98,100.0
2532,108,1.72
2533,47,1.812
2534,103,60.0
2535,103,32.0
2536,66,80.0
2537,52,1.636
2538,82,16.0
2539,44,1.622
2540,76,24.0
2541,103,60.0
2542,113,1.536
2543,101,24.0
2544,94,16.0
2545,134,88.0
2546,109,100.0
2547,73,40.0
2548,102,33.3
2549,39,56.3
2550,66,39.96
2551,73,23.3
2552,57,1.676
2553,41,15.0
2554,97,100.0
2555,52,29.2
2556,45,26.64
2557,50,40.0
2558,10,1.502
2559,48,24.0
2560,20,50.56
2561,24,10.942
2562,14,16.0
2563,25,18.0
2564,19,12.0
2565,35,1.68
2566,49,35.0
2567,29,1.602
2568,71,20.0
2569,75,40.0
2570,57,1.668
2571,26,1.506
2572,9,1.52
2573,38,11.0
2574,21,24.0
2575,124,45.0
2576,142,100.0
2577,130,14.0
2578,117,40.0
2579,105,100.0
2580,116,48.0
2581,61,8.0
2582,104,32.0
2583,55,32.0
2584,110,1.692
2585,112,40.0
2586,107,48.0
2587,134,100.0
2588,112,36.0
2589,119,33.3
2590,92,1.514
2591,131,100.0
2592,130,52.6
2593,112,22.0
2594,113,24.0
2595,55,8.0
2596,121,12.52
2597,142,19.98
2598,128,30.0
2599,131,100.0
2600,113,24.0
2601,116,60.0
2602,114,36.0
2603,122,11.12
2604,109,100.0
2605,71,1.878
2606,129,100.0
2607,118,65.0
2608,126,37.3
2609,15,1.878
2610,131,1.796
2611,127,40.0
2612,115,32.0
2613,115,75.0
2614,68,81.9
2615,135,79.22
2616,67,53.28
2617,116,80.0
2618,113,10.0
2619,114,48.0
2620,110,19.98
2621,119,100.0
2622,118,8.0
2623,101,68.2
2624,56,32.0
2625,80,80.0
2626,51,16.0
2627,64,54.0
2628,64,40.0
2629,54,1.68
2630,25,8.0
2631,38,17.76
2632,27,64.0
2633,28,82.16
2634,17,16.0
2635,32,48.0
2636,29,32.0
2637,18,15.0
2638,25,24.0
2639,38,30.4
2640,11,18.0
2641,40,20.0
2642,35,20.0
2643,138,58.5
2644,100,40.0
2645,10,24.0
2646,109,48.0
2647,130,14.0
2648,117,40.0
2649,105,32.0
2650,119,100.0
2651,31,24.0
2652,101,12.0
2653,106,40.0
2654,120,24.0
2655,124,32.0
2656,99,36.0
2657,116,22.0
2658,66,8.0
2659,112,44.48
2660,122,48.0
2661,53,24.0
2662,133,100.0
2663,112,64.0
2664,106,46.62
2665,122,100.0
2666,128,1.878
2667,115,52.6
2668,96,24.0
2669,129,27.5
2670,119,32.0
2671,115,36.0
2672,114,52.5
2673,123,10.0
2674,72,1.814
2675,116,1.776
2676,121,80.0
2677,49,40.92
2678,114,8.0
2679,112,28.56
2680,106,80.0
2681,110,19.98
2682,121,8.0
2683,95,13.32
2684,82,100.0
2685,116,12.0
2686,110,15.0
2687,123,33.3
2688,109,40.0
2689,114,11.12
2690,112,32.0
2691,107,17.4
2692,81,30.13
2693,29,1.748
2694,110,48.0
2695,58,100.0
2696,27,29.2
2697,84,18.0
2698,77,25.04
2699,78,22.38
2700,55,75.0
2701,51,40.0
2702,42,1.536
2703,29,75.0
2704,34,82.16
2705,7,20.0
2706,48,32.0
2707,4,1.204
2708,69,20.0
2709,13,40.0
2710,148,58.5
2711,135,14.0
2712,102,40.0
2713,115,84.5
2714,129,32.0
2715,56,8.0
2716,126,22.0
2717,161,24.0
2718,117,40.0
2719,28,24.0
2720,68,24.0
2721,125,24.0
2722,82,1.622
2723,123,60.0
2724,110,36.0
2725,113,16.0
2726,117,33.3
2727,115,56.0
2728,117,44.48
2729,125,56.0
2730,63,100.0
2731,156,13.32
2732,97,32.0
2733,52,39.12
2734,107,28.56
2735,103,39.96
2736,123,1.886
2737,55,62.16
2738,53,78.0
2739,114,70.0
2740,117,20.0
2741,118,52.6
2742,79,8.0
2743,126,80.0
2744,121,30.25
2745,87,12.0
2746,114,60.0
2747,116,10.0
2748,114,100.0
2749,116,32.0
2750,84,32.0
2751,107,100.0
2752,115,32.0
2753,92,11.12
2754,109,80.0
2755,92,8.0
2756,103,33.3
2757,151,80.0
2758,110,32.0
2759,107,29.2
2760,124,48.0
2761,69,40.0
2762,76,30.0
2763,46,24.0
2764,49,97.8
2765,57,100.0
2766,33,84.26
2767,62,42.5
2768,18,50.0
2769,19,24.0
2770,75,30.4
2771,18,8.0
2772,34,48.0
2773,15,64.0
2774,14,14.16
2775,36,20.0
2776,103,40.0
2777,130,14.0
2778,117,40.0
2779,128,32.0
2780,101,24.0
2781,130,22.0
2782,95,99.58
2783,110,40.0
2784,166,78.0
2785,57,20.0
2786,110,36.0
2787,117,24.0
2788,109,33.3
2789,127,24.0
2790,22,60.0
2791,57,60.0
2792,103,39.96
2793,119,52.6
2794,113,24.0
2795,116,28.56
2796,119,100.0
2797,114,36.0
2798,105,35.0
2799,121,27.5
2800,113,80.0
2801,51,1.682
2802,117,1.608
2803,123,80.0
2804,104,1.514
2805,117,80.4
2806,109,48.0
2807,154,32.0
2808,54,29.84
2809,107,8.0
2810,114,30.0
2811,134,80.0
2812,113,13.32
2813,113,32.0
2814,134,10.182
2815,43,47.74
2816,119,80.0
2817,94,8.0
2818,109,11.12
2819,46,32.0
2820,130,17.4
2821,70,1.82
2822,103,13.32
2823,144,100.0
2824,103,36.4
2825,113,16.0
2826,124,42.5
2827,56,75.0
2828,73,40.0
2829,64,60.0
2830,39,20.0
2831,44,13.64
2832,65,100.0
2833,32,30.0
2834,42,56.0
2835,15,24.0
2836,21,64.0
2837,35,20.0
2838,19,33.6
2839,26,8.414
2840,118,40.0
2841,83,14.0
2842,101,20.0
2843,43,40.0
2844,68,24.0
2845,108,48.0
2846,115,56.0
2847,101,39.96
2848,132,79.22
2849,103,1.68
2850,146,10.0
2851,24,80.0
2852,102,32.0
2853,65,13.32
2854,107,64.0
2855,16,21.0
2856,44,13.32
2857,124,100.0
2858,16,32.0
2859,18,1.588
2860,87,85.8
2861,16,40.0
2862,30,57.6
2863,14,24.0
2864,17,1.662
2865,14,100.0
2866,60,80.0
2867,41,13.32
2868,112,1.708
2869,32,76.96
2870,70,91.0
2871,24,28.8
2872,9,24.0
2873,72,64.0
2874,24,8.0
2875,24,11.0
2876,72,42.5
2877,47,45.0
2878,153,65.0
2879,114,48.0
2880,118,32.0
2881,122,24.0
2882,110,99.58
2883,144,24.0
2884,124,1.968
2885,115,48.0
2886,94,20.0
2887,104,37.56
2888,110,36.0
2889,123,1.796
2890,142,19.98
2891,64,33.36
2892,42,32.0
2893,115,97.5
2894,17,1.716
2895,53,48.0
2896,122,60.0
2897,92,24.198
2898,125,70.0
2899,113,100.0
2900,103,39.96
2901,136,22.0
2902,99,100.0
2903,31,8.0
2904,118,100.0
2905,135,16.0
2906,99,33.3
2907,128,20.0
2908,118,57.12
2909,112,28.32
2910,112,44.4
2911,32,80.0
2912,134,79.22
2913,138,36.0
2914,136,8.0
2915,128,33.3
2916,69,40.048
2917,125,29.84
2918,12,32.0
2919,107,100.0
2920,10,1.432
2921,116,32.0
2922,45,1.804
2923,116,6.66
2924,123,80.0
2925,113,11.12
2926,113,16.0
2927,107,33.3
2928,110,47.34
2929,18,1.436
2930,96,43.68
2931,86,32.0
2932,81,74.36
2933,83,65.0
2934,18,8.0
2935,650,24.0
2936,66,100.0
2937,47,80.0
2938,57,32.0
2939,33,50.0
2940,23,24.0
2941,12,40.0
2942,10,82.16
2943,27,15.0
2944,60,20.0
2945,101,48.0
2946,86,40.0
2947,118,40.0
2948,115,100.0
2949,119,1.446
2950,127,14.0
2951,120,32.0
2952,111,20.0
2953,136,13.32
2954,48,32.0
2955,58,37.56
2956,111,36.0
2957,129,60.0
2958,113,24.0
2959,136,100.0
2960,114,56.0
2961,121,24.0
2962,121,1.68
2963,79,40.0
2964,117,97.5
2965,103,1.422
2966,110,22.0
2967,98,48.0
2968,102,16.0
2969,115,47.34
2970,71,32.0
2971,121,32.0
2972,114,36.0
2973,117,16.0
2974,102,40.0
2975,119,80.0
2976,189,36.0
2977,136,80.0
2978,102,32.0
2979,144,48.0
2980,112,10.0
2981,115,32.0
2982,103,13.32
2983,44,6.66
2984,107,11.12
2985,121,1.77
2986,91,8.0
2987,88,32.0
2988,114,100.0
2989,49,75.0
2990,43,54.56
2991,130,24.0
2992,65,1.662
2993,63,40.0
2994,40,24.0
2995,50,33.3
2996,60,84.0
2997,37,24.0
2998,59,6.66
2999,20,1.524
3000,46,1.7
3001,48,29.2
3002,22,82.16
3003,50,34.0
3004,45,22.5
3005,43,20.0
3006,19,43.68
3007,13,40.0
3008,32,26.64
3009,73,20.0
3010,126,48.0
3011,118,40.0
3012,140,14.0
3013,100,40.0
3014,134,56.0
3015,112,40.0
3016,102,20.0
3017,106,99.58
3018,56,8.0
3019,126,24.0
3020,62,37.56
3021,110,36.0
3022,107,32.0
3023,121,80.0
3024,111,22.24
3025,112,48.0
3026,137,100.0
3027,112,33.3
3028,125,52.6
3029,105,16.0
3030,121,22.0
3031,112,64.0
3032,46,35.52
3033,113,100.0
3034,133,100.0
3035,106,46.62
3036,113,97.5
3037,108,35.7
3038,148,24.0
3039,121,80.0
3040,115,100.0
3041,51,1.736
3042,115,32.0
3043,131,36.0
3044,117,10.0
3045,66,11.12
3046,108,37.5
3047,97,30.4
3048,43,32.0
3049,114,68.2
3050,106,32.0
3051,137,1.858
3052,137,80.0
3053,58,16.0
3054,116,16.0
3055,41,70.0
3056,19,20.0
3057,127,33.3
3058,120,24.0
3059,101,80.0
3060,90,72.0
3061,10,24.0
3062,51,37.3
3063,51,40.0
3064,45,12.52
3065,67,32.0
3066,67,29.2
3067,27,37.92
3068,47,70.0
3069,50,30.0
3070,60,34.0
3071,123,20.0
3072,52,16.5
3073,42,100.0
3074,29,11.12
3075,30,1.664
3076,117,40.0
3077,106,14.0
3078,111,40.0
3079,91,40.0
3080,59,20.0
3081,115,1.442
3082,110,36.0
3083,138,32.0
3084,55,37.56
3085,123,33.3
3086,128,24.0
3087,112,44.48
3088,128,60.0
3089,115,48.0
3090,116,48.0
3091,117,100.0
3092,82,40.0
3093,111,22.0
3094,103,1.424
3095,118,52.6
3096,84,35.7
3097,104,24.0
3098,140,65.0
3099,70,48.0
3100,115,97.5
3101,114,100.0
3102,54,24.0
3103,117,24.0
3104,125,18.0
3105,125,50.0
3106,37,36.0
3107,98,80.0
3108,100,29.84
3109,70,96.0
3110,117,36.0
3111,115,32.0
3112,106,36.0
3113,79,1.816
3114,171,19.98
3115,114,32.0
3116,100,30.0
3117,121,20.0
3118,109,11.12
3119,100,10.0
3120,119,30.25
3121,112,30.0
3122,90,8.0
3123,44,67.56
3124,120,48.0
3125,66,80.0
3126,42,1.732
3127,35,20.0
3128,69,13.32
3129,66,40.0
3130,43,65.0
3131,39,37.56
3132,59,16.0
3133,46,8.0
3134,21,24.0
3135,27,33.3
3136,7,1.502
3137,15,22.5
3138,12,1.82
3139,11,1.322
3140,51,20.0
3141,108,48.0
3142,145,14.0
3143,123,40.0
3144,97,40.0
3145,134,32.0
3146,61,8.0
3147,119,32.0
3148,107,24.0
3149,54,46.62
3150,99,40.0
3151,83,8.0
3152,67,24.0
3153,88,20.0
3154,105,60.0
3155,125,24.0
3156,67,68.94
3157,98,36.0
3158,121,30.0
3159,105,63.12
3160,59,1.632
3161,115,72.0
3162,97,98.0
3163,65,40.0
3164,116,40.0
3165,119,24.0
3166,103,97.5
3167,77,20.0
3168,109,48.0
3169,53,24.0
3170,48,24.0
3171,86,79.22
3172,111,80.0
3173,48,88.66
3174,97,24.0
3175,141,10.0
3176,120,12.0
3177,77,48.0
3178,108,60.0
3179,51,72.0
3180,59,19.98
3181,44,26.64
3182,100,1.554
3183,97,75.0
3184,61,8.0
3185,107,33.3
3186,97,16.0
3187,104,11.12
3188,114,6.66
3189,14,1.796
3190,40,100.0
3191,129,50.0
3192,79,33.3
3193,70,1.452
3194,60,13.32
3195,63,40.0
3196,96,100.0
3197,48,80.0
3198,51,40.0
3199,65,8.0
3200,28,30.0
3201,67,30.4
3202,51,50.0
3203,36,40.92
3204,54,37.3
3205,85,100.0
3206,35,35.04
3207,27,8.0
3208,49,100.0
3209,30,64.0
3210,25,30.0
3211,8,18.0
3212,20,37.5
3213,21,68.64
3214,43,34.0
3215,4,8.0
3216,76,40.0
3217,75,20.0
3218,43,24.0
3219,72,15.0
3220,15,56.0
3221,68,100.0
3222,59,15.0
3223,53,100.0
3224,101,1.86
3225,119,14.0
3226,118,40.0
3227,66,100.0
3228,128,24.0
3229,50,8.0
3230,113,24.0
3231,111,40.0
3232,101,1.674
3233,109,48.0
3234,106,30.0
3235,66,24.0
3236,108,19.98
3237,104,46.62
3238,117,100.0
3239,114,40.0
3240,56,1.634
3241,112,70.0
3242,120,27.5
3243,48,20.0
3244,115,97.5
3245,118,24.0
3246,130,44.4
3247,47,32.0
3248,101,64.0
3249,119,32.0
3250,106,80.0
3251,123,80.0
3252,115,32.0
3253,137,80.0
3254,99,10.0
3255,108,100.0
3256,104,100.0
3257,112,55.0
3258,55,80.0
3259,104,40.0
3260,99,12.0
3261,142,24.0
3262,130,24.0
3263,37,8.0
3264,116,43.68
3265,129,50.0
3266,110,33.3
3267,105,11.12
3268,116,42.0
3269,93,96.0
3270,62,30.25
3271,60,40.0
3272,37,16.0
3273,99,68.0
3274,106,20.0
3275,78,16.0
3276,73,37.3
3277,66,68.64
3278,66,1.556
3279,60,80.0
3280,70,1.658
3281,12,1.566
3282,48,41.94
3283,45,16.5
3284,41,37.5
3285,18,24.0
3286,38,27.5
3287,50,30.4
3288,25,40.0
3289,3,16.0
3290,67,20.0
3291,102,40.0
3292,133,14.0
3293,117,40.0
3294,101,40.0
3295,118,24.0
3296,118,24.0
3297,110,49.5
3298,108,20.0
3299,117,37.56
3300,123,30.0
3301,116,40.0
3302,104,22.24
3303,114,40.0
3304,111,19.98
3305,112,48.0
3306,88,24.0
3307,101,46.62
3308,120,30.25
3309,41,16.5
3310,54,97.5
3311,98,24.0
3312,67,60.0
3313,93,43.68
3314,121,80.0
3315,104,100.0
3316,73,20.0
3317,64,32.0
3318,77,80.0
3319,131,32.0
3320,51,16.0
3321,107,1.626
3322,108,80.0
3323,37,13.32
3324,79,29.84
3325,57,1.82
3326,91,100.0
3327,108,20.0
3328,51,26.64
3329,111,33.3
3330,116,80.0
3331,50,30.0
3332,105,48.0
3333,33,35.04
3334,102,15.0
3335,36,40.0
3336,80,40.0
3337,132,80.0
3338,59,30.0
3339,73,11.12
3340,30,16.0
3341,58,28.6
3342,17,1.378
3343,42,13.32
3344,31,48.0
3345,50,16.0
3346,68,35.7
3347,26,17.52
3348,44,90.08
3349,62,8.0
3350,96,40.0
3351,101,46.62
3352,106,20.0
3353,101,48.0
3354,24,1.626
3355,46,30.25
3356,17,32.0
3357,59,80.0
3358,37,24.0
3359,81,32.0
3360,40,96.0
3361,16,32.0
3362,18,68.64
3363,118,40.0
3364,37,30.25
3365,21,40.04
3366,114,32.0
3367,132,24.0
3368,30,8.0
3369,125,32.0
3370,120,24.0
3371,78,85.0
3372,15,8.0
3373,16,48.0
3374,77,96.0
3375,74,100.0
3376,30,40.0
3377,43,80.0
3378,189,2.03
3379,92,48.0
3380,130,24.0
3381,24,1.71
3382,118,40.0
3383,129,40.0
3384,74,24.0
3385,59,24.0
3386,113,36.0
3387,87,30.0
3388,109,48.0
3389,87,40.0
3390,111,33.36
3391,126,19.98
3392,104,35.7
3393,40,72.0
3394,108,46.62
3395,109,64.0
3396,127,30.0
3397,111,51.84
3398,123,43.68
3399,83,14.92
3400,80,36.0
3401,109,54.0
3402,136,100.0
3403,138,33.3
3404,126,2.394
3405,66,80.0
3406,132,100.0
3407,194,80.0
3408,117,30.0
3409,214,24.0
3410,59,100.0
3411,97,22.5
3412,13,1.654
3413,124,16.0
3414,60,90.08
3415,52,35.52
3416,54,33.3
3417,36,2.352
3418,77,8.0
3419,40,48.0
3420,54,1.726
3421,91,80.0
3422,63,100.0
3423,57,16.0
3424,40,1.524
3425,47,96.0
3426,37,90.08
3427,24,45.76
3428,38,20.0
3429,5,8.0
3430,32,20.0
3431,131,14.0
3432,118,40.0
3433,115,100.0
3434,125,24.0
3435,112,48.0
3436,139,84.5
3437,111,40.0
3438,63,37.56
3439,110,36.0
3440,107,32.0
3441,110,100.0
3442,105,32.0
3443,110,33.3
3444,119,48.0
3445,112,33.36
3446,116,100.0
3447,93,20.0
3448,87,1.884
3449,112,24.0
3450,123,48.0
3451,127,24.0
3452,78,13.32
3453,111,48.0
3454,116,46.62
3455,127,57.86
3456,132,1.856
3457,111,40.0
3458,58,32.0
3459,127,23.04
3460,124,22.0
3461,116,100.0
3462,21,8.0
3463,114,45.0
3464,125,80.0
3465,63,24.0
3466,114,11.12
3467,62,20.0
3468,114,40.0
3469,137,29.84
3470,191,100.0
3471,65,32.0
3472,65,35.52
3473,122,32.0
3474,111,54.56
3475,98,33.3
3476,45,32.5
3477,101,20.0
3478,111,100.0
3479,83,20.0
3480,90,6.66
3481,40,24.0
3482,88,33.3
3483,28,16.0
3484,16,1.634
3485,62,1.734
3486,56,24.0
3487,55,35.04
3488,37,31.3
3489,72,24.0
3490,31,32.5
3491,32,13.32
3492,122,80.0
3493,40,100.0
3494,20,45.76
3495,21,40.0
3496,12,24.0
3497,23,32.0
3498,106,20.0
3499,47,24.0
3500,166,48.0
3501,139,14.0
3502,118,40.0
3503,56,24.0
3504,111,40.0
3505,124,20.0
3506,108,24.0
3507,117,1.532
3508,110,36.0
3509,85,31.3
3510,113,33.3
3511,120,22.0
3512,121,22.24
3513,117,1.56
3514,75,1.614
3515,104,1.782
3516,120,57.86
3517,96,35.7
3518,120,40.0
3519,128,100.0
3520,124,32.0
3521,112,100.0
3522,115,67.5
3523,33,70.0
3524,123,24.0
3525,112,1.682
3526,132,12.0
3527,61,90.0
3528,118,46.62
3529,106,56.0
3530,23,15.0
3531,115,17.28
3532,122,80.0
3533,128,75.0
3534,109,60.0
3535,114,100.0
3536,45,34.1
3537,115,32.0
3538,113,10.0
3539,111,80.0
3540,111,40.0
3541,137,32.0
3542,67,13.32
3543,116,48.0
3544,113,100.0
3545,123,74.56
3546,6,1.646
3547,102,8.0
3548,120,33.3
3549,111,32.0
3550,39,24.0
3551,123,34.0
3552,97,80.0
3553,77,15.0
3554,62,48.0
3555,121,72.0
3556,63,22.5
3557,52,33.3
3558,18,24.0
3559,29,24.0
3560,35,48.0
3561,51,24.0
3562,21,68.64
3563,15,37.56
3564,33,40.0
3565,13,40.0
3566,46,24.0
3567,109,20.0
3568,141,84.5
3569,131,14.0
3570,118,40.0
3571,61,24.0
3572,106,27.62
3573,123,32.0
3574,110,40.0
3575,123,24.0
3576,118,24.0
3577,114,37.56
3578,110,36.0
3579,104,16.0
3580,109,33.3
3581,123,100.0
3582,130,12.0
3583,126,1.604
3584,116,70.0
3585,116,80.0
3586,103,1.434
3587,112,51.84
3588,136,32.0
3589,119,48.0
3590,111,24.0
3591,44,16.0
3592,113,67.5
3593,115,80.0
3594,110,45.0
3595,111,11.12
3596,44,1.368
3597,101,13.32
3598,104,80.0
3599,112,96.0
3600,120,1.7
3601,48,25.0
3602,131,24.0
3603,34,32.0
3604,114,6.66
3605,133,16.0
3606,81,1.776
3607,85,100.0
3608,100,20.0
3609,91,80.08
3610,111,100.0
3611,95,81.84
3612,110,20.0
3613,35,48.0
3614,116,1.508
3615,115,32.0
3616,126,33.3
3617,92,33.3
3618,118,57.1
3619,22,1.726
3620,39,48.0
3621,90,20.0
3622,32,24.0
3623,57,1.5
3624,65,30.0
3625,42,1.754
3626,61,23.36
3627,50,66.0
3628,31,1.864
3629,25,12.0
3630,30,41.94
3631,13,14.92
3632,4,50.04
3633,25,32.0
3634,21,20.0
3635,99,24.0
3636,89,20.0
3637,16,9.6
3638,123,40.0
3639,66,48.0
3640,107,84.5
3641,124,32.0
3642,117,40.0
3643,72,8.0
3644,121,20.0
3645,56,37.56
3646,98,36.0
3647,34,32.0
3648,113,33.3
3649,119,24.0
3650,94,64.0
3651,98,22.24
3652,14,80.0
3653,107,63.12
3654,61,24.0
3655,79,1.676
3656,30,1.392
3657,66,2.614
3658,100,100.0
3659,54,24.0
3660,66,20.0
3661,108,36.0
3662,4,19.98
3663,49,67.5
3664,119,40.0
3665,109,24.0
3666,115,24.0
3667,84,22.0
3668,117,100.0
3669,117,100.0
3670,136,15.174
3671,115,24.0
3672,118,80.0
3673,49,100.0
3674,114,6.66
3675,106,40.0
3676,101,27.28
3677,103,13.32
3678,53,48.0
3679,101,29.84
3680,102,36.0
3681,98,11.12
3682,49,90.0
3683,106,80.0
3684,109,17.28
3685,66,45.0
3686,108,33.3
3687,80,8.0
3688,63,70.0
3689,119,19.98
3690,104,40.0
3691,122,24.0
3692,84,46.62
3693,96,68.64
3694,75,1.784
3695,60,37.56
3696,53,1.868
3697,52,67.5
3698,63,32.0
3699,58,24.0
3700,158,24.0
3701,43,33.3
3702,21,24.0
3703,44,30.0
3704,40,100.0
3705,18,40.0
3706,28,24.0
3707,50,40.0
3708,32,52.0
3709,32,37.5
3710,8,1.302
3711,43,24.0
3712,16,24.0
3713,11,21.0
3714,91,20.0
3715,30,50.04
3716,76,40.0
3717,71,20.0
3718,12,80.0
3719,39,30.0
3720,31,40.0
3721,135,100.0
3722,137,14.0
3723,106,40.0
3724,125,24.0
3725,120,32.0
3726,104,24.0
3727,57,8.0
3728,124,1.842
3729,100,20.0
3730,111,36.0
3731,112,30.0
3732,117,36.0
3733,115,37.56
3734,130,80.0
3735,56,33.3
3736,117,22.0
3737,124,100.0
3738,160,24.0
3739,124,80.0
3740,85,22.24
3741,125,31.3
3742,124,19.98
3743,111,100.0
3744,121,40.0
3745,62,1.782
3746,121,63.12
3747,50,97.5
3748,119,86.4
3749,88,100.0
3750,115,100.0
3751,98,46.62
3752,54,100.0
3753,125,40.0
3754,93,32.0
3755,118,29.84
3756,89,32.0
3757,207,24.0
3758,115,36.0
3759,113,30.25
3760,138,16.0
3761,113,48.0
3762,46,68.2
3763,106,100.0
3764,91,80.0
3765,128,10.0
3766,45,12.0
3767,45,20.0
3768,119,25.874
3769,124,32.0
3770,110,68.0
3771,123,20.0
3772,83,88.48
3773,18,1.778
3774,33,1.668
3775,57,44.1
3776,67,100.0
3777,54,40.0
3778,49,33.3
3779,55,32.0
3780,46,40.0
3781,21,1.206
3782,30,20.0
3783,26,48.0
3784,21,51.48
3785,17,15.0
3786,13,18.0
3787,39,20.0
3788,39,20.0
3789,131,84.5
3790,131,14.0
3791,118,40.0
3792,86,24.0
3793,83,40.0
3794,111,20.0
3795,123,24.0
3796,112,36.0
3797,51,37.56
3798,55,32.0
3799,56,32.0
3800,62,22.24
3801,128,22.0
3802,112,33.3
3803,125,30.0
3804,117,40.0
3805,114,96.0
3806,102,46.62
3807,119,16.0
3808,115,40.0
3809,113,63.12
3810,115,29.832
3811,112,32.0
3812,124,2.694
3813,123,40.0
3814,111,80.0
3815,118,40.0
3816,64,100.0
3817,124,100.0
3818,118,13.32
3819,108,16.0
3820,107,100.0
3821,116,32.0
3822,112,48.0
3823,123,32.0
3824,49,20.0
3825,38,80.0
3826,122,10.03
3827,133,32.0
3828,114,20.0
3829,114,36.0
3830,145,2.482
3831,94,68.2
3832,115,11.12
3833,91,8.0
3834,110,15.0
3835,115,93.2
3836,86,70.0
3837,107,32.0
3838,119,30.25
3839,95,17.28
3840,66,37.3
3841,82,84.0
3842,64,75.84
3843,10,1.926
3844,67,24.0
3845,53,48.0
3846,53,40.0
3847,50,32.0
3848,36,37.56
3849,37,33.3
3850,50,20.0
3851,27,40.0
3852,24,29.2
3853,43,22.5
3854,17,51.48
3855,48,20.0
3856,118,14.0
3857,128,65.0
3858,116,40.0
3859,115,48.0
3860,121,90.0
3861,114,100.0
3862,104,40.0
3863,54,8.0
3864,56,20.0
3865,113,36.0
3866,59,24.0
3867,120,32.0
3868,110,36.0
3869,115,37.56
3870,109,1.668
3871,110,33.3
3872,117,100.0
3873,126,22.24
3874,119,64.0
3875,124,56.0
3876,112,100.0
3877,119,24.0
3878,119,100.0
3879,108,22.0
3880,110,63.12
3881,102,46.62
3882,124,24.0
3883,81,24.0
3884,120,20.0
3885,56,40.0
3886,134,33.3
3887,150,1.628
3888,52,20.0
3889,116,88.2
3890,124,32.0
3891,125,80.0
3892,146,66.0
3893,140,40.0
3894,64,32.0
3895,127,10.0
3896,84,24.0
3897,120,100.0
3898,120,30.25
3899,131,100.0
3900,50,40.92
3901,52,80.0
3902,59,20.0
3903,114,11.12
3904,118,12.0
3905,119,6.66
3906,113,97.5
3907,77,37.3
3908,59,65.0
3909,71,40.0
3910,69,28.064
3911,65,30.0
3912,32,1.518
3913,130,19.98
3914,56,12.0
3915,19,40.0
3916,33,15.0
3917,13,1.536
3918,35,56.88
3919,39,100.0
3920,27,32.0
3921,19,51.48
3922,24,43.68
3923,26,60.0
3924,41,50.04
3925,123,48.0
3926,135,100.0
3927,117,40.0
3928,116,14.0
3929,80,40.0
3930,123,32.0
3931,97,20.0
3932,116,36.0
3933,102,37.56
3934,108,36.0
3935,106,33.3
3936,103,46.62
3937,116,56.0
3938,107,27.8
3939,63,30.4
3940,103,24.0
3941,136,53.28
3942,114,57.1
3943,116,32.0
3944,110,78.9
3945,123,34.56
3946,125,32.0
3947,109,40.0
3948,102,8.0
3949,118,40.0
3950,124,80.0
3951,114,29.84
3952,107,13.32
3953,113,88.2
3954,50,40.0
3955,98,100.0
3956,124,32.0
3957,116,100.0
3958,46,1.67
3959,108,32.0
3960,106,20.0
3961,105,80.0
3962,105,100.0
3963,116,35.04
3964,118,100.0
3965,120,15.0
3966,121,20.0
3967,85,61.38
3968,105,24.0
3969,112,100.0
3970,127,100.0
3971,122,18.0
3972,112,40.0
3973,90,90.08
3974,111,1.838
3975,158,1.938
3976,64,11.12
3977,44,16.0
3978,30,80.08
3979,40,33.3
3980,57,62.92
3981,27,48.0
3982,26,1.672
3983,22,16.98
3984,31,40.0
3985,17,16.0
3986,23,16.0
3987,91,20.0
3988,12,13.32
3989,118,40.0
3990,139,48.0
3991,105,91.0
3992,56,100.0
3993,64,100.0
3994,106,32.0
3995,124,80.0
3996,58,32.0
3997,106,68.0
3998,36,8.0
3999,37,13.32
4000,39,100.0
4001,106,42.0
4002,30,100.0
4003,98,24.0
4004,48,28.3
4005,52,25.0
4006,41,13.32
4007,27,15.0
4008,85,40.04
4009,75,93.2
4010,29,1.726
4011,72,100.0
4012,44,40.0
4013,56,13.32
4014,52,32.0
4015,20,16.0
4016,46,90.08
4017,34,40.0
4018,32,48.0
4019,20,30.0
4020,7,16.0
4021,101,20.0
4022,36,20.0
4023,32,11.0
4024,34,20.0
4025,117,24.0
4026,92,32.0
4027,128,100.0
4028,88,48.0
4029,117,14.0
4030,121,24.0
4031,111,40.0
4032,108,32.0
4033,115,35.7
4034,56,20.0
4035,103,36.0
4036,69,40.0
4037,114,37.56
4038,70,36.0
4039,119,32.0
4040,139,33.3
4041,123,22.0
4042,111,22.24
4043,137,100.0
4044,142,53.28
4045,118,56.0
4046,103,46.62
4047,111,100.0
4048,59,32.0
4049,126,100.0
4050,112,98.0
4051,113,34.56
4052,117,40.0
4053,112,40.0
4054,123,80.0
4055,120,70.0
4056,115,97.02
4057,100,15.0
4058,50,40.0
4059,119,29.84
4060,104,24.0
4061,105,32.0
4062,120,40.0
4063,135,24.0
4064,102,30.0
4065,117,11.12
4066,111,24.0
4067,125,24.0
4068,132,33.3
4069,115,49.8
4070,89,100.0
4071,145,70.0
4072,95,16.0
4073,91,100.0
4074,101,8.0
4075,121,100.0
4076,129,32.0
4077,106,30.0
4078,133,19.98
4079,28,33.3
4080,62,30.4
4081,62,40.0
4082,42,42.0
4083,54,40.0
4084,28,20.0
4085,16,32.0
4086,23,80.0
4087,89,20.0
4088,22,1.734
4089,61,32.0
4090,9,1.802
4091,134,14.0
4092,115,100.0
4093,126,20.0
4094,110,40.0
4095,125,32.0
4096,102,32.0
4097,116,43.82
4098,110,36.0
4099,112,24.0
4100,107,48.0
4101,108,40.0
4102,141,13.32
4103,114,33.3
4104,102,20.0
4105,98,100.0
4106,114,30.0
4107,118,40.0
4108,103,46.62
4109,142,24.0
4110,125,24.0
4111,112,32.0
4112,123,33.3
4113,105,22.0
4114,47,18.0
4115,114,40.0
4116,103,11.52
4117,129,80.0
4118,52,79.38
4119,63,8.0
4120,125,80.0
4121,110,80.0
4122,90,24.0
4123,109,48.0
4124,128,10.0
4125,108,72.0
4126,93,24.0
4127,25,1.786
4128,48,40.0
4129,8,1.576
4130,125,32.0
4131,17,11.12
4132,135,1.95
4133,53,100.0
4134,130,24.0
4135,80,8.0
4136,116,20.0
4137,139,70.0
4138,44,30.0
4139,96,32.0
4140,119,34.0
4141,88,30.25
4142,15,35.04
4143,41,33.3
4144,58,79.38
4145,54,40.0
4146,56,100.0
4147,46,24.0
4148,39,33.3
4149,40,25.0
4150,23,22.24
4151,32,29.84
4152,14,12.0
4153,14,8.0
4154,40,100.0
4155,14,24.0
4156,19,40.0
4157,88,20.0
4158,66,99.0
4159,118,40.0
4160,125,20.3
4161,148,40.0
4162,125,20.0
4163,111,40.0
4164,56,24.0
4165,111,33.3
4166,115,43.82
4167,139,32.0
4168,111,36.0
4169,108,1.742
4170,134,100.0
4171,117,22.24
4172,118,24.0
4173,48,100.0
4174,112,24.0
4175,117,64.0
4176,103,46.62
4177,129,24.0
4178,126,100.0
4179,99,39.96
4180,115,35.7
4181,122,13.32
4182,51,40.0
4183,118,30.0
4184,126,100.0
4185,130,80.0
4186,133,100.0
4187,122,80.0
4188,111,40.0
4189,51,79.38
4190,102,30.25
4191,44,40.0
4192,101,24.0
4193,37,80.0
4194,86,24.0
4195,104,80.08
4196,122,15.0
4197,127,32.0
4198,110,48.0
4199,105,13.32
4200,120,29.84
4201,93,20.0
4202,124,24.0
4203,109,11.12
4204,111,15.0
4205,112,1.544
4206,49,24.0
4207,145,32.0
4208,96,8.0
4209,51,40.0
4210,80,35.04
4211,74,40.0
4212,53,8.0
4213,65,40.0
4214,60,79.38
4215,68,40.0
4216,90,16.0
4217,57,40.0
4218,18,24.0
4219,34,30.4
4220,29,1.472
4221,12,24.0
4222,87,20.0
4223,2,100.0
4224,37,44.48
4225,87,27.8
4226,130,20.3
4227,118,40.0
4228,75,24.0
4229,111,40.0
4230,63,20.0
4231,130,84.5
4232,103,39.96
4233,52,43.82
4234,116,24.0
4235,110,36.0
4236,135,13.32
4237,106,100.0
4238,123,24.0
4239,118,64.0
4240,120,24.0
4241,60,32.0
4242,104,20.0
4243,127,100.0
4244,109,40.0
4245,109,100.0
4246,119,80.0
4247,89,48.0
4248,112,48.0
4249,100,24.0
4250,121,80.0
4251,110,100.0
4252,115,28.8
4253,102,24.0
4254,50,40.0
4255,115,15.0
4256,94,1.428
4257,104,32.0
4258,112,1.78
4259,47,1.71
4260,105,68.2
4261,50,6.66
4262,118,100.0
4263,106,11.12
4264,137,100.0
4265,98,68.0
4266,100,13.32
4267,94,8.0
4268,166,1.688
4269,62,20.0
4270,55,70.0
4271,98,43.68
4272,106,1.818
4273,125,24.0
4274,19,100.0
4275,89,24.0
4276,59,33.3
4277,77,40.0
4278,63,79.38
4279,67,56.0
4280,59,40.0
4281,74,16.0
4282,20,24.0
4283,22,12.0
4284,63,70.0
4285,38,100.0
4286,23,93.2
4287,22,1.446
4288,14,20.0
4289,88,20.0
4290,125,40.0
4291,164,20.3
4292,61,8.0
4293,105,40.0
4294,56,20.0
4295,118,48.0
4296,104,49.82
4297,113,31.3
4298,101,36.0
4299,11,1.634
4300,117,24.0
4301,74,49.98
4302,58,49.5
4303,108,84.5
4304,118,100.0
4305,106,56.0
4306,45,46.62
4307,104,40.0
4308,98,60.0
4309,109,100.0
4310,85,24.0
4311,54,24.0
4312,79,62.16
4313,103,80.0
4314,86,24.0
4315,94,64.0
4316,99,30.25
4317,113,33.3
4318,91,80.08
4319,57,100.0
4320,62,48.0
4321,51,32.0
4322,88,15.0
4323,96,17.28
4324,106,24.0
4325,99,22.38
4326,85,89.42
4327,102,40.0
4328,105,40.0
4329,86,11.12
4330,206,100.0
4331,103,79.38
4332,100,32.0
4333,114,13.32
4334,48,20.0
4335,110,31.3
4336,67,80.0
4337,78,13.32
4338,131,93.2
4339,97,8.0
4340,110,12.0
4341,53,40.0
4342,57,24.0
4343,51,1.426
4344,76,16.0
4345,59,1.704
4346,35,16.0
4347,41,40.0
4348,26,100.0
4349,35,24.0
4350,32,39.96
4351,43,8.88
4352,10,40.0
4353,14,1.4
4354,15,12.0
4355,65,20.0
4356,6,1.74
4357,4,1.14
4358,4,16.0
4359,76,40.0
4360,70,84.5
4361,37,33.3
4362,110,1.656
4363,45,32.0
4364,45,19.98
4365,31,40.0
4366,22,53.28
4367,31,1.692
4368,127,20.3
4369,121,100.0
4370,117,40.0
4371,137,32.0
4372,75,8.0
4373,114,48.0
4374,111,40.0
4375,116,66.0
4376,111,36.0
4377,114,37.56
4378,111,33.3
4379,121,33.36
4380,104,39.96
4381,102,36.0
4382,118,64.0
4383,127,73.64
4384,113,100.0
4385,122,24.0
4386,74,1.476
4387,121,24.0
4388,124,100.0
4389,131,1.884
4390,121,40.0
4391,122,16.98
4392,143,19.98
4393,75,90.0
4394,123,29.84
4395,116,23.04
4396,87,33.3
4397,115,40.0
4398,114,88.2
4399,126,80.0
4400,56,32.0
4401,59,32.0
4402,115,32.0
4403,107,24.0
4404,51,40.0
4405,54,30.25
4406,111,15.0
4407,104,68.2
4408,94,70.0
4409,69,100.0
4410,113,48.0
4411,97,16.0
4412,105,43.68
4413,79,33.3
4414,57,12.0
4415,98,100.0
4416,108,64.0
4417,68,1.638
4418,91,42.84
4419,59,24.0
4420,56,48.0
4421,72,100.0
4422,51,40.0
4423,29,1.432
4424,49,75.84
4425,44,30.25
4426,14,40.0
4427,34,35.04
4428,19,51.48
4429,19,53.28
4430,47,34.0
4431,21,24.0
4432,29,30.4
4433,84,20.0
4434,36,80.0
4435,122,1.878
4436,131,20.3
4437,118,40.0
4438,121,1.728
4439,115,100.0
4440,126,100.0
4441,114,32.0
4442,136,100.0
4443,119,40.0
4444,61,8.0
4445,117,24.0
4446,130,24.0
4447,103,36.0
4448,116,37.56
4449,123,33.36
4450,56,33.3
4451,125,24.0
4452,123,1.926
4453,119,80.0
4454,103,94.48
4455,104,80.0
4456,114,33.3
4457,102,1.436
4458,121,100.0
4459,126,62.16
4460,113,40.0
4461,101,24.0
4462,109,55.0
4463,129,18.0
4464,56,40.0
4465,117,17.28
4466,128,100.0
4467,115,80.0
4468,114,32.0
4469,130,33.3
4470,110,24.0
4471,120,50.0
4472,140,100.0
4473,83,39.96
4474,115,88.2
4475,115,100.0
4476,106,15.0
4477,104,80.08
4478,54,32.0
4479,104,80.0
4480,105,20.0
4481,105,13.32
4482,111,70.0
4483,111,48.0
4484,55,29.84
4485,74,40.0
4486,82,16.0
4487,55,56.88
4488,103,36.0
4489,17,33.3
4490,20,57.2
4491,23,68.0
4492,35,16.98
4493,26,100.0
4494,9,1.428
4495,9,24.0
4496,9,18.0
4497,23,30.0
4498,64,20.0
4499,149,91.0
4500,142,100.0
4501,104,48.0
4502,98,40.0
4503,150,20.3
4504,116,100.0
4505,62,32.0
4506,117,40.0
4507,111,16.0
4508,117,36.0
4509,118,24.0
4510,98,37.56
4511,118,38.92
4512,111,33.3
4513,63,64.0
4514,120,24.0
4515,130,33.3
4516,49,100.0
4517,113,100.0
4518,26,2.068
4519,113,84.0
4520,116,30.0
4521,118,80.0
4522,109,24.0
4523,133,60.0
4524,118,88.2
4525,128,40.0
4526,53,32.0
4527,113,40.0
4528,101,37.3
4529,121,80.0
4530,119,17.28
4531,51,40.0
4532,36,1.63
4533,107,100.0
4534,24,32.0
4535,116,15.0
4536,123,18.0
4537,130,20.0
4538,114,30.25
4539,118,30.0
4540,115,32.0
4541,90,70.0
4542,24,11.12
4543,114,36.0
4544,112,90.08
4545,123,100.0
4546,93,2.482
4547,106,2.258
4548,106,28.3
4549,88,64.0
4550,40,1.488
4551,65,57.2
4552,65,56.0
4553,66,100.0
4554,66,40.0
4555,60,60.0
4556,54,33.3
4557,31,32.0
4558,36,1.498
4559,36,12.0
4560,22,12.52
4561,47,80.0
4562,26,32.0
4563,41,24.0
4564,24,24.0
4565,24,40.0
4566,90,20.0
4567,38,50.04
4568,76,48.0
4569,141,20.3
4570,118,40.0
4571,142,32.0
4572,153,91.0
4573,110,40.0
4574,110,16.0
4575,105,70.0
4576,115,24.0
4577,110,36.0
4578,112,37.56
4579,94,19.98
4580,88,32.0
4581,130,40.0
4582,125,30.0
4583,106,48.0
4584,109,40.0
4585,118,17.28
4586,67,94.68
4587,120,96.0
4588,112,18.542
4589,72,40.0
4590,46,88.2
4591,104,99.0
4592,46,100.0
4593,84,36.0
4594,109,80.0
4595,52,32.0
4596,105,40.0
4597,49,24.0
4598,129,15.396
4599,116,20.0
4600,82,80.08
4601,121,12.0
4602,108,80.0
4603,118,100.0
4604,12,35.04
4605,113,72.0
4606,16,35.0
4607,94,80.0
4608,69,16.448
4609,26,68.0
4610,106,13.32
4611,114,24.0
4612,85,1.598
4613,58,1.652
4614,45,90.08
4615,89,24.0
4616,144,70.0
4617,75,33.3
4618,34,40.0
4619,76,2.074
4620,33,50.0
4621,72,29.84
4622,97,29.2
4623,70,40.0
4624,59,28.3
4625,57,88.2
4626,56,80.0
4627,42,68.38
4628,52,24.0
4629,55,100.0
4630,51,100.0
4631,22,80.0
4632,69,35.7
4633,87,36.0
4634,27,24.0
4635,34,60.0
4636,11,100.0
4637,34,24.0
4638,11,20.0
4639,107,91.0
4640,118,40.0
4641,73,20.3
4642,110,19.98
4643,52,32.0
4644,100,100.0
4645,68,32.35
4646,105,36.0
4647,49,13.32
4648,104,15.0
4649,65,1.694
4650,79,40.04
4651,35,33.3
4652,13,10.0
4653,63,40.0
4654,58,65.8
4655,49,13.32
4656,7,90.08
4657,4,32.0
4658,16,1.69
4659,71,40.0
4660,33,90.0
4661,129,43.68
4662,116,34.0
4663,126,20.3
4664,92,40.0
4665,98,1.726
4666,114,37.56
4667,116,24.0
4668,98,48.0
4669,111,80.0
4670,114,100.0
4671,122,30.0
4672,112,90.0
4673,102,33.3
4674,52,90.0
4675,114,50.0
4676,94,100.0
4677,34,30.0
4678,105,80.0
4679,73,28.32
4680,95,100.0
4681,88,100.0
4682,93,70.5
4683,97,15.0
4684,47,48.0
4685,84,30.0
4686,77,30.25
4687,68,16.0
4688,79,1.816
4689,34,12.0
4690,4,33.3
4691,51,40.0
4692,31,100.0
4693,22,20.0
4694,24,48.0
4695,19,50.04
4696,47,20.0
4697,115,34.0
4698,143,35.0
4699,100,40.0
4700,111,97.252
4701,134,1.58
4702,99,1.716
4703,120,37.56
4704,99,48.0
4705,120,30.0
4706,92,64.0
4707,109,80.0
4708,96,32.0
4709,129,100.0
4710,45,27.72
4711,79,100.0
4712,101,100.0
4713,114,13.32
4714,82,80.08
4715,113,80.0
4716,109,69.12
4717,118,43.68
4718,47,100.0
4719,37,100.0
4720,36,30.25
4721,90,15.0
4722,102,36.0
4723,85,100.0
4724,17,1.476
4725,49,40.0
4726,31,24.0
4727,104,15.0
4728,54,40.0
4729,46,90.08
4730,58,95.0
4731,61,29.84
4732,21,1.818
4733,26,56.88
4734,45,29.2
4735,94,16.0
4736,44,80.08
4737,30,16.0
4738,37,50.04
4739,34,20.0
4740,127,20.3
4741,69,26.0
4742,101,24.0
4743,84,48.0
4744,97,100.0
4745,74,64.0
4746,97,11.52
4747,45,32.34
4748,103,100.0
4749,106,13.32
4750,83,72.0
4751,96,24.0
4752,32,100.0
4753,99,100.0
4754,70,40.0
4755,82,20.0
4756,30,30.0
4757,56,37.3
4758,94,16.0
4759,35,40.0
4760,113,15.0
4761,105,20.0
4762,75,1.672
4763,80,48.0
4764,103,36.0
4765,54,48.0
4766,7,90.08
4767,39,56.88
4768,24,30.0
4769,18,80.08
4770,9,1.382
4771,10,1.722
4772,17,40.0
4773,74,91.0
4774,37,35.0
4775,48,40.0
4776,20,68.64
4777,140,20.3
4778,107,40.0
4779,63,8.0
4780,93,32.0
4781,77,49.98
4782,65,80.0
4783,116,31.3
4784,108,33.3
4785,130,22.0
4786,103,1.708
4787,120,96.0
4788,105,48.0
4789,119,24.0
4790,113,24.0
4791,123,30.0
4792,116,24.0
4793,26,1.716
4794,103,1.746
4795,113,98.0
4796,107,68.38
4797,116,32.0
4798,115,88.2
4799,136,19.98
4800,124,40.0
4801,144,71.04
4802,116,83.16
4803,116,30.0
4804,115,11.12
4805,111,32.0
4806,137,33.3
4807,97,28.32
4808,61,16.0
4809,22,1.708
4810,169,80.0
4811,109,96.0
4812,77,20.0
4813,119,35.0
4814,106,100.0
4815,118,12.0
4816,111,42.0
4817,41,20.0
4818,46,1.796
4819,59,90.08
4820,122,24.0
4821,63,15.0
4822,96,60.0
4823,121,24.0
4824,68,60.0
4825,109,30.0
4826,94,36.0
4827,29,90.0
4828,85,40.0
4829,32,84.5
4830,22,30.0
4831,62,80.0
4832,67,100.0
4833,84,42.84
4834,56,80.0
4835,39,50.0
4836,74,16.0
4837,32,48.0
4838,48,1.84
4839,46,74.36
4840,42,22.0
4841,33,29.2
4842,33,11.0
4843,12,18.0
4844,22,78.0
4845,31,40.0
4846,19,50.56
4847,78,20.0
4848,144,25.0
4849,129,91.0
4850,139,20.3
4851,118,40.0
4852,93,32.0
4853,122,32.0
4854,110,40.0
4855,103,1.704
4856,126,22.0
4857,98,24.0
4858,113,37.56
4859,115,33.3
4860,62,96.0
4861,143,32.0
4862,113,80.0
4863,122,30.0
4864,108,68.38
4865,103,32.0
4866,102,46.62
4867,117,24.0
4868,100,100.0
4869,113,40.0
4870,114,70.638
4871,114,30.25
4872,114,18.48
4873,133,99.0
4874,115,13.32
4875,149,33.3
4876,116,13.32
4877,133,24.0
4878,50,80.0
4879,107,36.0
4880,33,40.0
4881,13,1.666
4882,94,20.0
4883,63,40.0
4884,111,100.0
4885,61,40.0
4886,101,96.0
4887,98,20.0
4888,43,1.778
4889,97,51.84
4890,106,80.0
4891,108,18.0
4892,105,15.0
4893,64,1.73
4894,90,100.0
4895,98,80.0
4896,104,24.0
4897,77,40.0
4898,25,60.0
4899,81,64.0
4900,59,62.92
4901,47,30.0
4902,79,48.0
4903,38,16.0
4904,53,10.0
4905,55,20.0
4906,17,1.772
4907,45,26.0
4908,16,12.0
4909,31,40.0
4910,81,20.0
4911,21,100.0
4912,12,20.0
4913,120,40.0
4914,100,32.0
4915,104,32.0
4916,110,1.722
4917,111,32.0
4918,43,13.32
4919,38,32.0
4920,101,16.0
4921,102,36.0
4922,117,84.5
4923,74,30.0
4924,107,18.0
4925,95,100.0
4926,97,80.0
4927,102,70.5
4928,70,20.0
4929,97,15.0
4930,50,30.25
4931,75,20.3
4932,26,13.32
4933,76,72.0
4934,33,15.0
4935,75,16.0
4936,63,51.48
4937,19,40.0
4938,14,40.0
4939,48,13.32
4940,78,26.64
4941,21,90.08
4942,42,40.0
4943,78,40.0
4944,63,78.0
4945,89,100.0
4946,21,1.64
4947,96,53.28
4948,145,78.0
4949,120,40.0
4950,103,32.0
4951,131,20.3
4952,129,40.0
4953,62,8.0
4954,123,57.12
4955,120,40.0
4956,15,1.646
4957,125,32.0
4958,110,24.0
4959,116,37.56
4960,110,48.0
4961,74,100.0
4962,110,48.0
4963,116,33.3
4964,159,19.98
4965,121,30.0
4966,123,22.0
4967,45,24.0
4968,116,40.0
4969,67,1.88
4970,115,36.0
4971,128,12.0
4972,125,44.4
4973,111,98.0
4974,49,1.438
4975,116,69.12
4976,108,32.0
4977,117,40.0
4978,116,40.0
4979,109,68.38
4980,65,70.0
4981,92,13.32
4982,116,80.0
4983,134,18.0
4984,120,77.0
4985,107,80.08
4986,123,100.0
4987,114,16.0
4988,104,24.0
4989,83,1.814
4990,125,32.0
4991,114,48.0
4992,124,60.0
4993,108,11.12
4994,124,40.0
4995,110,8.0
4996,105,30.25
4997,113,96.0
4998,44,27.1
4999,74,24.0
5000,80,80.0
5001,48,1.444
5002,54,80.0
5003,31,100.0
5004,52,16.26
5005,54,20.0
5006,67,52.2
5007,38,15.0
5008,37,29.2
5009,26,30.0
5010,22,22.88
5011,15,33.3
5012,24,36.0
5013,51,80.0
5014,26,100.0
5015,77,20.0
5016,31,32.0
5017,116,40.0
5018,119,40.0
5019,85,30.4
5020,121,20.3
5021,118,18.0
5022,61,8.0
5023,104,78.0
5024,110,40.0
5025,48,24.0
5026,117,48.0
5027,114,32.0
5028,115,37.56
5029,109,48.0
5030,129,30.0
5031,103,1.708
5032,124,33.3
5033,134,50.04
5034,122,22.0
5035,110,100.0
5036,106,32.0
5037,114,24.0
5038,125,32.0
5039,120,24.0
5040,35,64.0
5041,113,98.0
5042,133,96.0
5043,135,19.98
5044,110,36.0
5045,109,100.0
5046,53,80.0
5047,116,100.0
5048,111,40.0
5049,126,80.0
5050,107,18.0
5051,110,68.38
5052,117,17.28
5053,111,20.0
5054,13,1.816
5055,120,33.3
5056,109,50.0
5057,123,57.1
5058,98,80.08
5059,103,62.92
5060,48,27.1
5061,137,44.4
5062,114,81.84
5063,109,30.25
5064,132,100.0
5065,118,100.0
5066,111,40.0
5067,111,48.0
5068,94,16.5
5069,80,60.0
5070,31,16.0
5071,53,24.0
5072,63,69.52
5073,51,16.0
5074,60,90.0
5075,41,40.0
5076,24,16.98
5077,29,48.0
5078,25,100.0
5079,32,73.26
5080,9,1.706
5081,30,11.0
5082,18,24.0
5083,21,13.32
5084,154,65.0
5085,118,40.0
5086,141,20.3
5087,114,36.0
5088,117,40.0
5089,129,57.12
5090,109,78.0
5091,61,8.0
5092,114,20.0
5093,116,32.0
5094,101,40.0
5095,114,19.98
5096,116,37.56
5097,114,24.0
5098,142,33.3
5099,76,100.0
